Season,TeamName,eFGPct_Off,RankeFGPct_Off,TOPct_Off,RankTOPct_Off,ORPct_Off,RankORPct_Off,FTRate_Off,RankFTRate_Off
2023,Abilene Christian,49.20948617,243,17.34151329,118,25.5387931,269,32.27931489,140
2023,Air Force,54.18704156,28,18.97770363,242,22.28033473,341,31.23471883,186
2023,Akron,51.85289163,100,16.57838002,68,29.80952381,141,33.63279057,105
2023,Alabama,52.11754538,88,18.6730977,227,34.204947,24,36.64649957,47
2023,Alabama A&M,48.55457227,278,21.41418927,342,29.52565344,150,35.81120944,58
2023,Alabama St.,42.31644849,363,18.89112521,238,31.78294574,73,31.2464428,185
2023,Albany,47.34917733,317,19.17564997,253,27.7992278,208,31.01767215,194
2023,Alcorn St.,45.23554604,348,18.29552032,199,33.71378402,30,35.27837259,67
2023,American,54.41717791,23,22.02137007,349,28.30601093,191,27.91411043,291
2023,Appalachian St.,48.71481028,270,16.31227851,59,24.50980392,303,29.25336597,248
2023,Arizona,56.49131274,3,18.38240709,209,30.7161346,107,35.81081081,59
2023,Arizona St.,48.40499307,288,16.80580238,81,29.17282127,160,31.20665742,188
2023,Arkansas,50.92098885,160,18.0526404,168,30.72487644,106,39.26320892,23
2023,Arkansas Pine Bluff,45.16447368,350,21.5776718,344,26.64640324,235,33.81578947,100
2023,Arkansas St.,47.60423149,306,18.14293375,180,28.79377432,175,35.09645302,69
2023,Army,53.80116959,34,19.08666761,246,25.39349423,273,31.34502924,183
2023,Auburn,49.49773983,225,17.67106843,142,32.8358209,49,36.31341035,51
2023,Austin Peay,46.29164048,335,17.44649247,122,25.97402597,254,26.14707731,331
2023,BYU,51.52162306,118,20.19678637,309,31.69398907,76,32.46129204,133
2023,Ball St.,53.00120048,54,17.80924402,150,30.52837573,114,42.25690276,8
2023,Baylor,53.21921308,48,17.85704635,152,34.41901408,22,36.79100664,46
2023,Bellarmine,51.74418605,104,18.23382904,191,20.56179775,352,25.3875969,339
2023,Belmont,55.31741725,12,16.77362556,77,25.390625,274,24.30819316,348
2023,Bethune Cookman,46.59025788,329,18.26158291,195,26.89844465,232,32.14899713,151
2023,Binghamton,49.54351795,223,19.4128999,265,28.73326468,176,28.24102252,282
2023,Boise St.,51.64981373,113,16.64302176,71,27.17291857,225,30.33528473,215
2023,Boston College,48.71931697,269,18.215737,188,27.62923351,212,27.32123799,311
2023,Boston University,46.96117051,325,17.87768722,156,28.72531418,178,29.037704,259
2023,Bowling Green,50.45897877,187,17.54800555,133,29.79942693,143,32.47274814,130
2023,Bradley,52.7173913,63,17.87490899,155,29.22535211,159,26.86335404,321
2023,Brown,50.73859987,172,19.04485565,244,25.31512605,277,29.80089917,229
2023,Bryant,51.88622754,98,18.7404315,231,29.00608519,162,32.81437126,126
2023,Bucknell,51.34008338,131,20.18197658,308,25.40816327,272,26.86122692,322
2023,Buffalo,49.54276493,224,19.22122456,256,32.16845878,64,31.95266272,159
2023,Butler,49.49066214,228,17.61367267,138,19.9807877,354,25.9196378,334
2023,Cal Baptist,49.02467011,255,18.05582666,170,28.94499549,166,31.55479059,169
2023,Cal Poly,45.73474471,343,20.85130414,327,24.48579824,305,30.94645081,197
2023,Cal St. Bakersfield,44.57246816,356,19.90660942,296,27.48538012,217,29.41176471,241
2023,Cal St. Fullerton,49.43586698,229,17.44558738,121,25.92242195,258,38.71733967,29
2023,Cal St. Northridge,44.10288582,358,19.61294912,281,27.31614136,223,36.63739021,48
2023,California,43.68358914,361,20.1099537,305,25.34184139,275,31.52302243,171
2023,Campbell,52.66946611,66,18.05288447,169,24.37059416,309,37.97240552,33
2023,Canisius,48.65097589,273,17.44138831,120,28.35394862,189,24.8564868,343
2023,Central Arkansas,47.10182768,323,18.10704257,176,27.94612795,203,24.33420366,347
2023,Central Connecticut,48.05229456,295,17.87415186,154,28.47100176,187,23.31910352,356
2023,Central Michigan,46.51015228,330,22.90143134,356,30.45586809,118,36.86548223,44
2023,Charleston,51.09864423,148,16.66718236,72,34.63302752,18,32.7255727,128
2023,Charleston Southern,50.26564345,194,18.06161131,171,32.2265625,60,27.4498229,305
2023,Charlotte,55.07749866,16,16.95554717,89,22.2972973,340,24.85301978,344
2023,Chattanooga,53.9445049,32,17.49000329,128,27.38853503,218,31.99129489,157
2023,Chicago St.,48.75588433,268,21.32764596,339,33.47685684,32,31.94351042,160
2023,Cincinnati,51.28552097,134,15.1670716,21,30.76923077,104,25.71041949,337
2023,Clemson,54.08216329,30,16.13301153,49,23.39832869,327,30.47321893,212
2023,Cleveland St.,49.37059416,234,17.2428234,103,34.88964346,15,29.70795569,231
2023,Coastal Carolina,47.45356501,313,17.75132617,145,30.28798411,123,28.8795686,265
2023,Colgate,58.20591233,1,15.03287087,17,25.16619183,284,27.37003058,308
2023,Colorado,48.98008742,259,19.02013443,243,30.84260731,99,29.91743565,225
2023,Colorado St.,54.83497394,19,16.69873477,73,19.6483971,355,29.82049797,228
2023,Columbia,45.50314465,346,19.89739593,295,25.26829268,283,28.05031447,290
2023,Connecticut,53.94342049,33,18.86624377,236,38.43821077,2,30.81868838,201
2023,Coppin St.,51.00558659,155,20.08199094,303,18.62567812,363,37.15083799,38
2023,Cornell,54.78855721,21,16.62053539,69,28.81906826,173,28.48258706,271
2023,Creighton,54.22828096,27,16.62420197,70,25.2892562,280,28.37338262,276
2023,Dartmouth,50.03357958,207,20.19778122,310,23.45814978,325,29.14707858,254
2023,Davidson,50.05803831,206,16.1663097,52,24.8549323,293,32.79164248,127
2023,Dayton,52.99887892,55,18.88114298,237,30.80614203,102,35.53811659,63
2023,DePaul,49.69403366,215,18.24883808,193,25.8037225,262,27.58796532,300
2023,Delaware,49.61067853,219,16.53675154,67,24.97712717,288,33.03670745,118
2023,Delaware St.,45.88607595,340,23.48316483,360,30.67729084,109,28.86075949,267
2023,Denver,52.32486051,80,21.37477585,340,29.80349345,142,39.42963422,21
2023,Detroit Mercy,51.39877925,128,17.59979886,137,35.78138343,11,27.21261445,314
2023,Drake,52.86591607,57,15.53272389,31,23.76681614,321,28.40327533,275
2023,Drexel,49.41792782,231,17.92955715,160,29.417383,152,30.09313155,217
2023,Duke,51.08590734,149,18.25606026,194,35.91022444,9,29.92277992,224
2023,Duquesne,51.07212476,151,17.26219416,104,33.44208809,34,26.41325536,327
2023,East Carolina,47.12552743,321,19.21749455,255,32.95175797,46,37.13080169,39
2023,East Tennessee St.,50.50837321,184,19.45547185,266,29.87141444,137,31.22009569,187
2023,Eastern Illinois,48.04570054,296,19.20750616,254,25.31160115,279,32.35117258,137
2023,Eastern Kentucky,48.62488729,275,16.74991898,76,33.38289963,35,24.34625789,346
2023,Eastern Michigan,49.20409323,244,16.85042891,82,25.1198466,285,32.17737351,148
2023,Eastern Washington,56.18131868,6,19.86349366,293,28.00788955,200,31.48351648,175
2023,Elon,47.80517138,302,18.35069379,206,24.87804878,292,27.5405893,302
2023,Evansville,45.05165851,352,17.55525202,134,20.72368421,351,29.36378467,245
2023,FIU,52.15641173,86,20.6228663,321,25.44554455,271,28.6946521,268
2023,Fairfield,46.03223807,337,18.20076769,186,28.59941234,183,37.87972722,34
2023,Fairleigh Dickinson,51.25581395,137,16.36901725,61,30.94669849,97,27.90697674,292
2023,Florida,49.3697479,235,16.06773568,48,23.78100941,320,34.50630252,83
2023,Florida A&M,44.97505346,353,24.17273433,363,27.79623477,209,31.3613685,182
2023,Florida Atlantic,54.29740791,24,16.87182916,85,31.35261923,90,29.60436562,235
2023,Florida Gulf Coast,51.21813031,140,17.12710847,98,26.64165103,237,28.21529745,284
2023,Florida St.,49.26630435,239,17.56858483,136,25.93283582,256,30.38043478,214
2023,Fordham,48.55339295,279,19.16239702,251,29.86577181,138,37.61178327,35
2023,Fresno St.,49.32140654,237,18.06729545,173,24.92179353,291,24.30598396,349
2023,Furman,54.9533195,18,15.74243625,35,28.96613191,165,34.75103734,75
2023,Gardner Webb,50.75614367,171,19.58502636,276,28.55680655,185,34.7826087,73
2023,George Mason,51.86020293,99,20.16189602,307,27.8597786,205,37.03494927,40
2023,George Washington,53.02013423,53,17.64588841,139,26.52259332,240,34.50782998,82
2023,Georgetown,47.07859359,324,17.45441592,123,28.87029289,170,29.1106515,256
2023,Georgia,47.12351946,322,19.30305917,261,30.53839365,112,40.4963339,15
2023,Georgia Southern,48.18548387,294,16.27282957,56,25.79737336,263,27.88018433,295
2023,Georgia St.,45.56962025,344,19.48580582,269,30.13555787,128,33.5443038,107
2023,Georgia Tech,48.48323576,285,15.59565754,33,27.51322751,214,23.52315061,355
2023,Gonzaga,57.55656109,2,14.84660442,14,31.21869783,92,34.11764706,95
2023,Grambling St.,50,208,21.15998666,334,31.48148148,89,41.45015106,11
2023,Grand Canyon,52.79468733,61,18.13263476,178,30.15726179,127,36.85666851,45
2023,Green Bay,45.94594595,338,21.01823226,329,21.6989843,344,31.47147147,176
2023,Hampton,45.12064343,351,15.97276321,43,26.4633141,243,32.06434316,154
2023,Hartford,47.65275708,305,22.67265225,354,25.33013205,276,24.14307004,351
2023,Harvard,49.49083503,227,19.8019802,288,30.2690583,124,31.16089613,189
2023,Hawaii,48.56486797,277,18.56932847,218,29.64015152,149,33.63949483,104
2023,High Point,50.14810427,201,19.5116076,270,30.67542214,110,38.68483412,30
2023,Hofstra,55.10712506,15,15.93057894,41,23.60984503,324,20.87693074,363
2023,Holy Cross,48.52601156,282,17.50030131,129,21.54131848,345,25.54913295,338
2023,Houston,52.29232864,81,15.42204832,28,37.11824589,4,28.8697231,266
2023,Houston Christian,51.40329469,127,21.15200341,333,27.98029557,201,40.63453325,14
2023,Howard,51.83189655,103,22.91111014,358,33.72727273,29,32.16594828,150
2023,IUPUI,49.65774736,217,23.27557226,359,28.9748954,163,32.23397635,143
2023,Idaho,51.98487713,92,17.21913458,102,19.61206897,356,35.79080025,60
2023,Idaho St.,50.77658303,170,17.21813347,101,24.57200403,301,28.91278375,263
2023,Illinois,51.36176773,129,18.35910144,207,31.57894737,83,34.27543679,91
2023,Illinois Chicago,48.69565217,272,18.42825976,211,22.72727273,335,34.14492754,94
2023,Illinois St.,50.20600353,197,21.81801156,346,28.16901408,193,31.25367863,184
2023,Incarnate Word,48.53316327,280,20.02863067,301,26.30480167,247,33.29081633,110
2023,Indiana,53.54870289,40,16.78493521,78,28.13321648,197,29.46647088,239
2023,Indiana St.,56.40259093,4,17.11217088,94,21.75502742,343,31.48978575,174
2023,Iona,51.66198502,111,15.18097208,22,31.57467532,84,28.97940075,260
2023,Iowa,51.68512277,109,13.98473512,8,32.14862682,65,32.30621088,138
2023,Iowa St.,49.92029756,211,19.54647151,273,33.89830508,28,27.89585547,294
2023,Jackson St.,47.45540399,311,21.95496005,347,32.9004329,47,32.94858342,122
2023,Jacksonville,50.5988024,179,19.0692751,245,23.88818297,318,22.82934132,359
2023,Jacksonville St.,50.52493438,183,20.23776685,312,29.39936776,153,31.75853018,164
2023,James Madison,51.538892,116,18.62939266,222,31.25,91,38.89199776,27
2023,Kansas,52.63772176,67,17.45909254,124,28.72253865,179,29.83193277,227
2023,Kansas St.,52.32837254,79,19.29316507,259,29.88215488,136,36.0537686,55
2023,Kennesaw St.,52.68935236,65,17.84797983,151,27.3308958,222,35.8946213,56
2023,Kent St.,50.80160321,168,16.2716005,55,31.19188504,94,31.51302605,172
2023,Kentucky,50.63569682,178,17.48538331,127,39.20265781,1,31.93154034,162
2023,LIU,45.55483452,345,22.71764222,355,24.66734903,300,31.66774822,165
2023,LSU,47.33333333,318,18.41285718,210,31.72995781,75,33.70666667,102
2023,La Salle,48.45360825,287,18.14579316,181,30.52464229,115,28.32596956,277
2023,Lafayette,48.69750133,271,17.94870342,162,23.76569038,322,24.45507709,345
2023,Lamar,47.57807521,308,21.2186267,336,32.07354443,69,32.1861058,146
2023,Lehigh,49.80620155,214,17.48470411,126,18.98597627,362,31.07235142,193
2023,Liberty,55.40832883,11,15.94474959,42,25.28301887,281,26.17631152,328
2023,Lindenwood,48.79372738,267,19.51243367,271,23.00194932,331,28.28709288,278
2023,Lipscomb,53.69334079,37,17.29161238,112,24.97472194,289,23.6149972,354
2023,Little Rock,49.16294643,248,18.00499486,165,29.29577465,155,31.86383929,163
2023,Long Beach St.,48.4607491,286,18.71894913,230,34.5721694,19,34.37660339,87
2023,Longwood,50.23391813,196,17.7933275,148,32.09169054,68,33.56725146,106
2023,Louisiana,52.80898876,60,17.65322189,141,33.33333333,37,37.02247191,41
2023,Louisiana Monroe,45.23375835,349,18.66786332,225,27.28989613,224,29.99392835,222
2023,Louisiana Tech,50.89959373,161,19.85039404,291,30.12757605,129,28.43876959,274
2023,Louisville,48,297,22.28022746,352,28.21497121,192,32.88235294,123
2023,Loyola Chicago,52.93040293,56,22.06489886,350,24.52631579,302,31.07448107,192
2023,Loyola MD,51.3321492,132,20.40865675,316,26.6214908,238,28.24156306,281
2023,Loyola Marymount,53.10541311,50,18.28096846,197,30.12757605,129,31.62393162,168
2023,Maine,50.98726115,156,18.70922306,229,22.86652079,332,22.92993631,358
2023,Manhattan,49.22791847,241,19.81380555,289,26.64640324,235,31.5009265,173
2023,Marist,47.91094008,300,18.06285135,172,25.85751979,261,28.91698736,262
2023,Marquette,55.97976081,7,15.25616323,26,26.24172185,248,27.04691812,317
2023,Marshall,52.62512267,69,15.51506603,30,31.68654174,77,26.15309127,330
2023,Maryland,50.83116883,166,16.4664463,66,30,132,34.28571429,90
2023,Maryland Eastern Shore,47.5832789,307,21.13351292,332,27.04135737,228,31.41737427,178
2023,Massachusetts,46.35974304,333,20.22403944,311,34.47098976,20,32.22698073,144
2023,McNeese St.,48.97798742,260,21.63923886,345,33.30564784,38,29.24528302,249
2023,Memphis,53.02958015,51,18.28056956,196,31.21783877,93,35.44847328,65
2023,Mercer,48.91055046,261,18.16218339,182,30.40152964,120,28.55504587,270
2023,Merrimack,48.32928311,290,20.74877008,322,20.51282051,353,34.56865128,79
2023,Miami FL,54.28571429,25,16.05696119,47,31.78807947,72,30.70294785,204
2023,Miami OH,51.97652872,94,19.67327423,285,26.65952891,234,32.0568252,155
2023,Michigan,51.57973922,115,15.19184505,23,25.61912895,266,30.84252758,199
2023,Michigan St.,51.69753086,108,16.38963024,62,27.60791367,213,27.16049383,316
2023,Middle Tennessee,51.15950226,145,19.31985964,262,31.86180422,71,29.41176471,241
2023,Milwaukee,51.42473118,126,21.43138888,343,32.57506824,56,31.93548387,161
2023,Minnesota,49.03846154,253,19.62235529,282,25,286,30.76923077,202
2023,Mississippi,47.46508019,310,18.21600924,189,33.30529857,39,29.17744439,252
2023,Mississippi St.,46.74586777,328,19.38203031,264,35.54119548,14,33.83264463,99
2023,Mississippi Valley St.,45.44913742,347,23.49866485,361,28.62318841,181,38.01308745,32
2023,Missouri,54.99521989,17,15.8143637,38,26.33814783,246,29.06309751,258
2023,Missouri St.,50.14551804,202,19.13292818,249,33.23890463,42,27.24097788,312
2023,Monmouth,43.80387931,360,21.09169459,331,30.26533997,125,33.13577586,115
2023,Montana,53.79072682,35,17.26719428,106,24.44444444,307,29.13533835,255
2023,Montana St.,50.95430885,157,17.78873082,147,25.65597668,265,43.95604396,5
2023,Morehead St.,49.03726708,254,18.34340831,203,26.6064257,239,34.65838509,78
2023,Morgan St.,47.77365492,304,21.99292009,348,29.78303748,144,30.98330241,195
2023,Mount St. Mary's,48.57630979,276,20.75892463,323,27.83505155,207,25.91116173,335
2023,Murray St.,49.00849858,256,16.255415,53,27.4952919,215,33.20113314,114
2023,N.C. State,51.4436297,124,13.31149744,2,30.36277603,121,25.25206233,340
2023,NJIT,48.26243259,292,16.04824696,46,23.42691191,326,28.22049131,283
2023,Navy,51.45264381,123,17.32863058,116,29.92047714,134,23.70714701,353
2023,Nebraska,51.73184358,105,18.58006647,219,24.69597755,298,28.15642458,286
2023,Nebraska Omaha,48.53195164,281,18.50322154,215,24.22779923,312,29.6488198,234
2023,Nevada,50.7204611,174,15.27273989,27,22.78846154,333,39.13544669,24
2023,New Hampshire,45.76113861,342,15.02083601,16,26.07879925,252,29.57920792,236
2023,New Mexico,52.63558033,68,15.58151314,32,27.94759825,202,39.12823112,25
2023,New Mexico St.,50.16583748,198,18.34661271,205,27.02702703,229,34.74295191,76
2023,New Orleans,52.71966527,62,23.55685665,362,29.77178423,145,36.4614465,50
2023,Niagara,50.31746032,190,18.63964439,223,26.47385984,241,29.96825397,223
2023,Nicholls St.,50.30229746,191,18.53866406,217,29.28286853,156,27.62998791,299
2023,Norfolk St.,52.17391304,84,19.78678471,287,33.4422658,33,39.50850662,20
2023,North Alabama,50.71143995,175,15.81178264,37,23.1208373,329,30.10813887,216
2023,North Carolina,49.22383575,242,15.22371898,25,30.44554455,119,37.00550826,42
2023,North Carolina A&T,47.40373396,316,17.50708007,130,24.67652495,299,30.04667445,219
2023,North Carolina Central,50.92150171,159,22.61046898,353,32.33256351,59,34.19795222,93
2023,North Dakota,51.02209945,154,16.72424484,75,25.58983666,268,27.3480663,310
2023,North Dakota St.,51.6723356,110,16.87626018,86,24.46601942,306,32.19954649,145
2023,North Florida,53.3431085,45,17.32512452,115,26.16451933,250,28.4457478,272
2023,North Texas,51.22216187,139,19.77061023,286,33.36347197,36,30.961434,196
2023,Northeastern,47.97535211,298,21.28170549,337,31.73537872,74,27.75821596,297
2023,Northern Arizona,50.50735667,185,15.91526554,40,26.85421995,233,27.39726027,307
2023,Northern Colorado,52.41437395,73,17.47671309,125,24.32692308,310,31.44300955,177
2023,Northern Illinois,52.17132659,85,20.26784189,314,24.9516441,290,34.32480666,88
2023,Northern Iowa,51.27832655,136,17.67269971,143,22.57751938,339,31.08657757,191
2023,Northern Kentucky,49.06865354,250,17.33702373,117,31.57439446,85,26.92921767,320
2023,Northwestern,47.28150407,320,14.69283219,11,28.52485738,186,29.67479675,233
2023,Northwestern St.,51.30035696,133,17.26458545,105,33.276884,41,27.23100459,313
2023,Notre Dame,51.96721311,95,13.37140138,4,19.57129543,357,23.27868852,357
2023,Oakland,49.12758997,249,15.11932238,20,24.20262664,313,31.62486369,167
2023,Ohio,52.38573581,76,16.15049939,51,32.78969957,51,27.47363134,304
2023,Ohio St.,52.02241715,89,16.13415008,50,31.51618399,88,26.55945419,326
2023,Oklahoma,52.37258348,77,19.98925811,300,23.74616172,323,30.05272408,218
2023,Oklahoma St.,48.80254154,266,20.59765641,320,32.6433121,55,32.45356794,134
2023,Old Dominion,46.44744568,332,17.11966672,95,32.81958296,50,36.17146213,53
2023,Oral Roberts,55.44987147,9,13.21966253,1,24.49168207,304,24.2159383,350
2023,Oregon,51.10132159,147,18.30282862,201,32.56767842,57,31.9627998,158
2023,Oregon St.,46.49178255,331,20.7781854,325,25.2814739,282,33.94437421,97
2023,Pacific,52.70121279,64,16.26640761,54,23.06976744,330,33.13120176,116
2023,Penn,53.30750894,46,18.85023563,235,30.05181347,131,29.49940405,237
2023,Penn St.,55.44765514,10,13.70647703,7,19.1722973,360,21.2695405,361
2023,Pepperdine,52.01434879,90,18.36477553,208,25.96153846,255,26.71081678,325
2023,Pittsburgh,52.49879865,70,16.32561438,60,29.49756888,151,32.86881307,124
2023,Portland,53.69935408,36,18.06970388,174,24.28711898,311,43.21785085,6
2023,Portland St.,49.5915986,221,16.7929527,79,23.98843931,316,34.77246208,74
2023,Prairie View A&M,44.79638009,355,19.63492788,283,31.67420814,78,33.03167421,119
2023,Presbyterian,47.31352718,319,20.79634148,326,29.83316977,140,36.47281922,49
2023,Princeton,52.19842165,83,16.46130266,65,28.13397129,196,30.38331454,213
2023,Providence,51.13924051,146,16.86632781,84,34.72584856,16,36.30379747,52
2023,Purdue,51.83367769,102,17.21088322,100,38.35860839,3,37.19008264,37
2023,Purdue Fort Wayne,50.53824363,181,18.94800577,241,27.10453284,226,28.66855524,269
2023,Queens,51.21606335,141,17.64615439,140,29.7497683,146,35.85972851,57
2023,Quinnipiac,49.97289973,210,18.14173808,179,32.18495014,63,33.00813008,120
2023,Radford,51.28138075,135,18.32351178,202,30.94812165,96,27.35355649,309
2023,Rhode Island,44.19263456,357,20.38602834,315,31.56521739,86,36.99716714,43
2023,Rice,53.02539168,52,18.01969264,166,24.05876951,315,32.46893571,132
2023,Richmond,51.17252931,143,17.08124266,92,20.98421541,348,32.99832496,121
2023,Rider,49.49253731,226,17.86018253,153,33.99374348,27,29.25373134,247
2023,Robert Morris,49.18309859,245,19.54076795,272,29.71216342,148,26.92957746,319
2023,Rutgers,47.93737575,299,17.12608417,96,32.11083945,67,28.18091451,285
2023,SIU Edwardsville,48.5005767,283,18.49841249,214,30.5785124,111,40.25374856,16
2023,SMU,47.44658676,314,18.00338926,164,28.0804694,198,33.03804065,117
2023,Sacramento St.,50.82417582,167,20.77318089,324,32.88934426,48,27.53357753,303
2023,Sacred Heart,48.39710445,289,18.77373006,232,28.80203908,174,27.55946225,301
2023,Saint Joseph's,50.15625,200,18.24356898,192,28.93401015,167,34.21875,92
2023,Saint Louis,52.14547357,87,17.27262557,108,29.72477064,147,29.09471481,257
2023,Saint Mary's,52.00739567,91,16.39090946,63,32.54113346,58,32.01267829,156
2023,Saint Peter's,43.91353811,359,19.61133892,280,36.41975309,7,28.44141069,273
2023,Sam Houston St.,50.69908815,176,19.91294405,297,30.50847458,117,32.27963526,139
2023,Samford,53.54632588,41,17.88508831,157,28.15533981,195,41.02236422,12
2023,San Diego,51.08138873,150,15.98752193,45,28.16764133,194,30.90495162,198
2023,San Diego St.,49.31318681,238,17.28005969,109,31.61538462,82,33.24175824,112
2023,San Francisco,53.59202937,39,19.60606336,279,28.55831038,184,32.24960671,142
2023,San Jose St.,50.15682175,199,18.66205132,224,34.72584856,16,27.18243596,315
2023,Santa Clara,52.39918326,75,17.39488781,119,30.17699115,126,30.57682491,208
2023,Seattle,46.34615385,334,16.85286877,83,29.89417989,135,32.41758242,136
2023,Seton Hall,49.04734411,252,20.11607205,306,30.51001821,116,40.06928406,17
2023,Siena,49.32165065,236,19.48198786,268,30.52930057,113,34.53928773,81
2023,South Alabama,52.8113505,59,14.62131478,10,20.88724584,349,22.33315817,360
2023,South Carolina,46.91224269,327,19.88440125,294,32.67070009,54,26.81473456,323
2023,South Carolina St.,46.93877551,326,20.91426837,328,34.24317618,23,29.19937206,251
2023,South Dakota,50.09259259,205,17.31814334,113,24.84725051,294,28.14814815,287
2023,South Dakota St.,51.72711572,106,17.11078287,93,21.46439318,346,28.09441566,289
2023,South Florida,50.79197466,169,19.55661966,274,33.01559792,44,30.72861668,203
2023,Southeast Missouri St.,50.12159533,203,17.28047962,110,25,286,38.18093385,31
2023,Southeastern Louisiana,50.94773119,158,16.90045631,87,27.64932563,211,32.10798392,153
2023,Southern,48.48396501,284,20.55013959,317,24.39961575,308,34.4606414,84
2023,Southern Illinois,51.65762508,112,19.29508,260,22.76923077,334,30.56057866,210
2023,Southern Indiana,50.24590164,195,18.1994845,185,32.14596003,66,33.49726776,108
2023,Southern Miss,50.8650519,163,17.97196131,163,30.78412391,103,32.1799308,147
2023,Southern Utah,51.9837233,93,18.58701966,220,27.91878173,204,39.52187182,19
2023,St. Bonaventure,49.1638796,247,18.82943669,234,27.48858447,216,29.48717949,238
2023,St. Francis NY,45.93810445,339,21.1618952,335,30.92369478,98,31.14119923,190
2023,St. Francis PA,51.91239975,97,18.34484051,204,25.31380753,278,32.81924738,125
2023,St. John's,49.39786938,233,18.69329044,228,34.0408805,25,27.74432608,298
2023,St. Thomas,51.8486917,101,15.10301637,19,23.91093901,317,30.65984073,206
2023,Stanford,52.42849433,71,18.92607147,239,31.14754098,95,29.41176471,241
2023,Stephen F. Austin,51.46252285,122,21.30850541,338,31.63265306,80,38.93967093,26
2023,Stetson,53.5338785,43,15.86729174,39,29.37625755,154,25.81775701,336
2023,Stonehill,50.85823268,164,19.66417205,284,19.13319239,361,32.16783217,149
2023,Stony Brook,47.45398773,312,19.57316209,275,21.92046557,342,29.44785276,240
2023,Syracuse,51.51354222,119,16.93789627,88,29.97224792,133,30.64259161,207
2023,TCU,49.97650376,209,16.70498238,74,32.1857486,62,34.06954887,96
2023,Tarleton St.,47.55400254,309,18.2842616,198,26.04790419,253,47.64930114,1
2023,Temple,49.68996618,216,19.83376653,290,28.72928177,177,34.55467869,80
2023,Tennessee,49.88078207,212,18.11143153,177,36.42072214,6,30.66285169,205
2023,Tennessee Martin,50.42906178,189,16.79854069,80,26.96310312,230,36.09839817,54
2023,Tennessee St.,50.892326,162,17.28978868,111,26.90839695,231,35.09815586,68
2023,Tennessee Tech,51.43678161,125,17.78135086,146,23.87218045,319,29.88505747,226
2023,Texas,53.29838357,47,16.31197109,58,28.3062645,190,30.53735256,211
2023,Texas A&M,48.83540373,264,18.30166896,200,36.73986486,5,45.13457557,3
2023,Texas A&M Commerce,52.42557883,72,18.93989215,240,26.47333957,242,28.2800441,279
2023,Texas A&M Corpus Chris,50.47923323,186,17.71731393,144,32.76633841,52,34.82428115,71
2023,Texas Southern,46.09254499,336,20.2584738,313,29.24836601,157,34.29305913,89
2023,Texas St.,48.18965517,293,17.93853128,161,31.62475822,81,32.47126437,131
2023,Texas Tech,52.26519337,82,19.85167513,292,32.0537428,70,34.80662983,72
2023,The Citadel,49.26600117,240,18.17076224,183,20.79689018,350,28.94891368,261
2023,Toledo,56.31629701,5,13.59533102,5,29.8415493,139,34.42622951,86
2023,Towson,51.06659729,153,18.43664969,212,35.70175439,12,29.76066597,230
2023,Troy,49.42296595,230,18.67170738,226,30.31161473,122,32.48701673,129
2023,Tulane,52.40256273,74,15.05993403,18,19.32234432,358,35.39775761,66
2023,Tulsa,47.89382574,301,19.09904926,247,24.81684982,296,26.71667628,324
2023,UAB,50.27151211,193,17.32222701,114,35.80846634,10,35.67251462,61
2023,UC Davis,49.82227488,213,20.57994855,319,32.21797323,61,42.83175355,7
2023,UC Irvine,51.47286822,121,17.54300261,132,27.37777778,221,29.30232558,246
2023,UC Riverside,50.53137652,182,18.02191705,167,31.64556962,79,26.16396761,329
2023,UC San Diego,49.59145192,222,17.92429344,159,23.16442606,328,26.08422376,332
2023,UC Santa Barbara,54.08394782,29,17.0033358,90,26.2195122,249,34.42994895,85
2023,UCF,50.27777778,192,19.60444136,278,33.58974359,31,28.88888889,264
2023,UCLA,51.06904232,152,14.92229647,15,33.01737757,43,27.43875278,306
2023,UMBC,51.34336378,130,14.82422702,13,26.35445363,245,26.97474476,318
2023,UMKC,43.36645237,362,19.92160948,299,35.92760181,8,33.2554062,111
2023,UMass Lowell,53.54629128,42,20.04685841,302,35.65965583,13,33.78451543,101
2023,UNC Asheville,53.63429869,38,20.09283675,304,25.70621469,264,40.88586031,13
2023,UNC Greensboro,50.59417706,180,17.80665642,149,29.24435721,158,32.44206774,135
2023,UNC Wilmington,48.87374037,262,18.62548208,221,27.76717557,210,39.77474807,18
2023,UNLV,49.17172833,246,17.52008463,131,27.85588752,206,35.50524572,64
2023,USC,51.25066525,138,18.0877698,175,28.86405959,171,33.20915381,113
2023,USC Upstate,50.66505441,177,19.24892639,257,24.72250252,297,31.37847642,180
2023,UT Arlington,45.87408313,341,21.07361526,330,32.72900763,53,29.70660147,232
2023,UT Rio Grande Valley,51.21173469,142,22.17489126,351,28.96622313,164,45.91836735,2
2023,UTEP,48.63553669,274,22.91093793,357,33.30161751,40,38.81140085,28
2023,UTSA,47.43362832,315,19.46912133,267,28.46580407,188,37.40412979,36
2023,Utah,49.00054025,257,17.9088077,158,30.83038869,100,29.22744462,250
2023,Utah St.,55.46834118,8,17.56786862,135,27.38317757,220,34.85086342,70
2023,Utah Tech,53.17164179,49,21.40307757,341,28.65792129,180,44.7761194,4
2023,Utah Valley,51.70085043,107,19.25337666,258,28.87563884,169,35.56778389,62
2023,VCU,51.95500803,96,19.59060656,277,28.85129118,172,41.56400643,10
2023,VMI,47.77777778,303,19.33454387,263,28.89952153,168,20.99415205,362
2023,Valparaiso,48.99159664,258,18.18139974,184,22.61116367,336,27.89915966,293
2023,Vanderbilt,49.61133973,218,15.97941499,44,30.82039911,101,31.55006859,170
2023,Vermont,54.83342436,20,14.25175426,9,19.23444976,359,28.12670672,288
2023,Villanova,51.53804641,117,15.46568973,29,22.61029412,337,30.00539665,221
2023,Virginia,51.16147309,144,13.63018458,6,25.6097561,267,34.73087819,77
2023,Virginia Tech,54.06155399,31,14.73336878,12,25.87601078,260,25.93340061,333
2023,Wagner,44.90274983,354,19.12403475,248,34.42449842,21,25.15090543,341
2023,Wake Forest,54.24305919,26,17.12666867,97,24.84191509,295,32.11105291,152
2023,Washington,48.84805266,263,19.92062874,298,26.43253235,244,31.65112452,166
2023,Washington St.,50.44293903,188,18.45475363,213,31.53846154,87,28.24387702,280
2023,Weber St.,50.83694978,165,19.15414614,250,21.01449275,347,33.66398016,103
2023,West Virginia,51.51049667,120,18.52504829,216,34.01420959,26,39.37532002,22
2023,Western Carolina,49.0508096,251,15.74268211,36,25.47085202,270,33.8358459,98
2023,Western Illinois,50.09566327,204,15.19235481,24,27.10084034,227,31.37755102,181
2023,Western Kentucky,49.60451977,220,17.05807166,91,25.92250923,257,32.25988701,141
2023,Western Michigan,48.8293284,265,19.17553245,252,32.96921549,45,27.84966112,296
2023,Wichita St.,50.73409462,173,18.20534356,187,29.10447761,161,30.8319739,200
2023,William & Mary,49.41072481,232,18.78340387,233,27.38432483,219,29.16912198,253
2023,Winthrop,55.14896373,14,20.57823864,318,25.87719298,259,41.64507772,9
2023,Wisconsin,48.32917706,291,13.36401451,3,22.60162602,338,24.98753117,342
2023,Wofford,52.36565421,78,16.2926683,57,28.60082305,182,30.02336449,220
2023,Wright St.,53.52547607,44,17.26952958,107,26.15675165,251,23.98353062,352
2023,Wyoming,51.64903547,114,18.23206855,190,24.18367347,314,33.35407592,109
2023,Xavier,55.23049645,13,17.17541185,99,30.74433657,105,31.38297872,179
2023,Yale,52.82902829,58,16.41187494,64,28.04232804,199,30.56580566,209
2023,Youngstown St.,54.6529563,22,15.65531545,34,30.69679849,108,29.40874036,244