"Season","TeamName","Size","SizeRank","Hgt5","Hgt5Rank","Hgt4","Hgt4Rank","Hgt3","Hgt3Rank","Hgt2","Hgt2Rank","Hgt1","Hgt1Rank","HgtEff","HgtEffRank","Exp","ExpRank","Bench","BenchRank","Pts5","Pts5Rank","Pts4","Pts4Rank","Pts3","Pts3Rank","Pts2","Pts2Rank","Pts1","Pts1Rank","OR5","OR5Rank","OR4","OR4Rank","OR3","OR3Rank","OR2","OR2Rank","OR1","OR1Rank","DR5","DR5Rank","DR4","DR4Rank","DR3","DR3Rank","DR2","DR2Rank","DR1","DR1Rank"
2023,"Abilene Christian",75.04,360,-1.87,346,-1.94,350,-0.76,277,-0.97,291,-4.69,361,-1.9,355,2.43,46,35.81,58,19,207,21.2,108,25.36,24,18.91,205,15.44,332,34.6,220,19.11,305,23.86,53,14.04,94,8.28,155,20.53,330,24.42,135,16.81,270,21.48,28,16.67,89
2023,"Air Force",77.16,161,-2.13,353,-1.45,339,-0.06,172,0.94,66,3.09,5,-1.79,352,1.16,342,34.31,85,20.75,142,18.61,214,22.78,71,21.3,124,16.55,308,34.2,227,24,232,9.48,328,11.91,146,20.38,3,29.42,74,22.75,194,17.35,250,17.15,143,13.3,231
2023,"Akron",75.04,361,-1.18,299,-2.73,360,-3.21,363,-2.24,349,-0.88,277,-1.95,358,1.86,205,26.05,288,25.04,37,17.1,266,14.13,343,22.15,100,21.51,149,32.59,263,28.99,133,6.03,358,13.91,96,18.4,6,28.31,104,25.41,108,16.97,263,13.93,289,15.31,136
2023,"Alabama",78.11,47,1.78,29,2.18,8,1.54,26,-0.46,252,0.09,176,1.98,11,1.11,348,36.31,52,17.22,268,26.05,13,18.11,233,17.84,254,20.76,177,38.18,152,27.7,158,18.31,138,8.69,232,7.07,217,26.44,165,28.51,35,19.15,169,13.3,306,12.56,261
2023,"Alabama A&M",75.7,344,1.54,44,-0.94,295,-1.18,323,-2.7,359,-3.63,353,0.3,133,2.38,61,38.34,18,20.76,141,23.95,39,13.54,349,18.89,208,22.84,115,34.1,230,20.46,291,26.41,27,12.24,134,6.76,240,35.79,9,15.83,356,18.28,211,15.8,219,14.26,181
2023,"Alabama St.",76.72,237,-1.79,341,-0.41,245,-0.44,246,-0.1,196,0.92,101,-1.1,317,1.62,274,31.62,158,19.93,180,21.22,107,20.71,129,20.47,153,17.68,280,31.83,281,32.17,81,10.38,310,15.43,76,10.19,88,24.98,209,24.15,144,17.85,231,20.86,36,12.16,283
2023,"Albany",76.65,254,0.29,139,-0.87,290,-0.24,224,-0.61,262,-0.75,268,-0.29,214,1.87,200,31.38,168,21.98,107,16.9,271,25.91,15,15.31,332,19.82,207,40.65,101,16.93,327,13.27,259,21.63,15,7.41,196,26.13,172,19.5,310,21.77,76,19.51,67,13,244
2023,"Alcorn St.",75.53,352,-2.15,354,-0.75,277,-1.06,307,-1.89,337,-1.91,329,-1.45,339,1.83,217,38.28,20,19.69,186,24.29,38,23.11,59,13.96,354,18.93,242,25.7,339,41.39,8,12.27,279,13.68,98,6.93,230,24.07,252,24,149,18.65,194,14.28,279,18.99,33
2023,"American",76.37,298,0.7,101,1.25,41,0.24,134,-2.32,354,-3.45,352,0.98,64,1.53,295,31.82,153,29.43,9,19.57,171,15.17,322,18.28,235,17.52,284,39.56,115,20.85,276,21.79,79,12.2,135,5.57,291,29.15,79,28.12,39,20.71,108,11.71,343,10.29,345
2023,"Appalachian St.",78.1,48,1.45,51,1.92,14,0.64,95,0.11,169,0.97,99,1.68,23,1.9,189,32.37,133,18.41,231,17.78,242,22.86,68,17.88,253,23.03,110,36.38,190,33.3,60,10.18,314,16.9,57,3.21,351,24.31,241,26.99,59,17.15,255,16.88,158,14.64,161
2023,"Arizona",78.45,25,2.6,10,2.33,5,0.32,126,-0.08,193,1.7,42,2.46,5,2.02,149,25.84,293,24.9,41,26.13,12,17.38,262,16.41,316,15.18,337,38.08,153,32.25,80,17.85,147,7,297,4.82,323,31.5,42,25.32,109,16.98,262,15.06,250,11.15,323
2023,"Arizona St.",77.11,176,1.9,25,-0.06,194,-0.4,241,-1.38,322,0.09,176,0.92,69,2.11,118,31.55,161,17.24,267,16.43,291,24.87,30,18.77,214,22.64,120,38.55,142,22.62,257,21.46,82,9.57,206,7.75,183,26.95,144,22.47,212,17.01,261,15.32,237,18.21,46
2023,"Arkansas",78.72,15,0.19,143,0.38,123,1.83,15,2.52,6,3.27,4,0.28,138,1.44,313,25.88,291,20.72,144,14.76,329,20.4,143,25.02,34,19.07,236,30.63,297,34.44,49,15.76,192,10.87,172,8.27,156,30.47,55,21.15,264,18.24,212,12.9,323,17.21,70
2023,"Arkansas Pine Bluff",76.87,215,-0.99,284,-0.42,247,0.06,158,1.32,53,-1.01,289,-0.71,273,1.81,222,33.29,111,17.88,249,17.59,252,18.11,232,28.6,5,17.81,278,36.93,181,11.15,358,27.32,21,15.45,75,9.12,126,23.39,272,21.61,241,20.35,122,17.91,115,16.69,86
2023,"Arkansas St.",76.33,306,-0.35,213,0.74,88,-1.56,344,-1.84,336,-0.74,266,0.2,143,1.48,307,24.19,323,19.52,189,22.41,72,16.51,283,19.61,183,21.9,143,30.26,300,42.45,6,13.76,242,6.61,311,6.86,235,26.07,176,34.59,5,12.43,359,11.53,346,15.32,134
2023,"Army",75.7,343,-0.42,218,-1.23,329,-1.06,317,-1.72,331,-2.47,341,-0.82,294,1.43,314,30.15,194,17.16,270,22.71,65,14.18,341,18.58,222,27.31,33,54.98,6,15.92,336,12.78,271,9.29,213,6.91,233,26.9,147,22.87,188,17.16,254,15.12,247,17.87,56
2023,"Auburn",76.89,211,1.06,76,1.05,50,0.66,90,-2.14,347,-1.63,316,1.06,56,2.1,122,34.4,84,21.49,118,21.77,89,18.06,237,13.34,358,25.35,63,44,54,25.25,210,17.85,148,6.74,307,6.16,272,28.71,94,22.02,227,21.78,75,11.65,345,15.84,111
2023,"Austin Peay",77.3,144,1.07,73,0.89,75,1.24,46,0.77,80,-2.91,347,0.98,63,1.59,278,38.19,21,23.81,54,17.74,245,17.64,252,22.35,91,18.45,257,23.83,343,21.24,273,17.06,168,29.1,1,8.77,134,27.24,136,20.92,272,18.63,196,22.08,19,11.13,325
2023,"BYU",77.81,67,0.42,125,-0.5,253,0.69,86,1.47,43,1.55,49,-0.04,181,1.52,299,36.9,41,14.34,346,22.95,59,19.97,159,19.53,186,23.19,106,20.86,355,30.26,113,29.62,12,8.04,257,11.21,61,20.75,327,24.87,124,23.47,39,16.46,183,14.43,171
2023,"Ball St.",77.18,160,-0.26,192,-0.05,191,-0.08,193,0.24,153,0.66,117,-0.15,193,1.66,264,24.3,322,22.81,73,17.65,248,21.8,95,22.72,79,15.01,342,41.97,79,28.83,136,9.08,332,13.55,104,6.56,252,29.69,64,22.5,210,19.17,166,14.59,271,14.05,193
2023,"Baylor",77.08,184,0.38,131,0.3,129,-0.71,273,-0.35,239,0.35,153,0.34,127,1.84,214,30.77,181,13.72,354,17.75,244,24.94,29,22.46,86,21.11,167,37.35,175,36.9,26,17.5,155,4.65,350,3.55,347,29.51,68,27.71,45,19.49,156,12.37,333,10.88,331
2023,"Bellarmine",76.78,225,-0.84,268,-1.88,346,-0.5,251,0.12,165,1.59,47,-1.36,332,1.75,240,24.65,313,16.47,301,20.06,147,20.22,147,26.35,21,16.9,297,30.95,292,28.8,137,11.77,291,9.93,196,18.55,4,20.55,329,20.78,282,19.05,174,16.72,168,22.91,4
2023,"Belmont",77.57,97,-0.65,244,0.05,157,1.33,40,1.74,26,-0.03,197,-0.3,215,1.93,179,30.33,192,14.95,335,21.98,81,20.16,149,23.32,66,19.6,219,45.23,38,17.89,315,16.24,184,12.94,118,7.7,187,23.8,264,19.96,304,20.51,113,22.26,16,13.47,218
2023,"Bethune Cookman",76.6,257,0.6,110,-0.98,310,-0.42,244,-1,295,-0.64,255,-0.19,202,1.84,216,30.46,190,11.27,362,21.49,95,16.72,280,22.49,85,28.02,21,27.75,323,27.7,159,13.98,236,23.27,7,7.26,202,25.42,196,27.72,44,13.67,347,22.07,20,11.09,327
2023,"Binghamton",77.05,189,-0.77,258,-0.95,298,0.06,157,0.46,123,1.02,95,-0.86,302,2.7,10,26.54,280,17.11,274,19.58,170,20.95,118,19.32,191,23,111,35.43,208,23.29,245,19.75,116,12.53,129,8.97,130,21.87,307,20.61,284,22.4,62,17.85,118,17.22,68
2023,"Boise St.",77.65,87,-1.25,304,0.05,157,1.53,28,1.41,47,1.09,79,-0.6,251,2.14,111,20.19,350,17.77,254,21.8,87,19.35,181,21.35,121,19.69,214,38.72,136,20.76,284,23.53,56,7.43,286,9.5,112,20.38,332,20.26,294,16.81,271,18.15,107,24.35,2
2023,"Boston College",77.5,111,0.56,115,0.05,157,0,162,0.2,158,1.26,65,0.3,132,1.73,245,38.79,13,24.47,45,19.8,161,14.53,335,20.91,138,20.25,191,37.8,165,28.65,139,12.55,274,8.47,242,12.5,44,30.37,58,25.55,103,13.06,358,17.88,116,13.09,240
2023,"Boston University",77.37,133,-0.61,235,0.37,125,0.71,83,-0.13,199,1.09,79,-0.12,191,2.5,34,35.27,70,18.23,238,15.48,313,26.45,11,18.9,207,20.9,172,39.13,126,27.74,157,20.23,103,7.54,280,5.27,302,25.77,185,25.01,119,23.36,41,16.6,173,9.2,356
2023,"Bowling Green",76.41,288,-1,285,-0.61,269,-0.62,267,0.17,162,-1.29,306,-0.81,289,2.38,60,32.22,139,21.99,105,22.26,75,22.91,67,16.16,324,16.63,305,37.99,158,27.37,166,14.66,215,12.7,127,7.21,206,31.53,41,21.92,233,16.59,281,16.12,203,13.78,204
2023,"Bradley",76.92,204,-0.26,192,1.64,22,0.69,87,0.18,160,-3.05,350,0.69,87,2.08,128,32.15,141,23.98,50,19.89,156,21.7,101,16.05,326,18.37,260,32.65,256,28.99,134,25.24,38,9.44,209,3.66,345,29,86,20.45,288,19.47,158,16.4,186,14.65,160
2023,"Brown",76.34,304,-1.26,305,-0.73,275,-0.1,202,-0.73,275,-0.91,278,-0.99,308,1.59,279,32.06,147,18.6,223,16.11,301,23.51,53,15.79,328,25.92,55,43.05,64,27.08,171,8.53,337,16.12,62,5.1,312,27.86,115,21.47,248,29.25,6,12.64,331,8.71,358
2023,"Bryant",76.96,198,-1.58,330,-0.92,293,0.15,147,0.76,82,0.99,96,-1.25,326,2.65,15,28.65,233,21.3,129,17.86,239,27.35,7,17.77,256,15.68,328,32.64,257,25.48,204,10.82,304,17.29,47,13.75,34,26.79,151,22.73,196,23.03,46,13.12,312,14.29,179
2023,"Bucknell",78.29,29,2.35,14,2.32,6,0.56,104,0.03,180,0.78,109,2.33,8,1.96,166,34.12,90,27.06,21,16.45,290,18.09,234,23.88,56,14.45,348,38.01,157,30.22,114,12.1,283,11.36,158,8.24,159,31,48,21.34,255,18.92,183,12.06,339,16.61,94
2023,"Buffalo",78.23,33,0.47,121,0.35,126,0.39,121,1.46,44,3.09,5,0.41,113,1.88,196,26.76,274,16.93,286,20.22,137,17.86,243,26.12,23,18.8,245,38.02,155,26.59,183,11.4,297,13.31,111,10.59,75,24.58,232,25.44,106,19.11,173,20.03,50,10.76,334
2023,"Butler",77.79,68,1.21,67,0.39,119,0,163,0.76,82,1.17,74,0.8,80,1.99,157,24.96,307,22.87,72,18.89,202,19.55,174,18.38,230,20.26,190,37.97,161,11.78,356,25.65,36,13.11,114,11.45,56,26.81,150,17.5,344,20.45,119,17.99,114,17.18,72
2023,"Cal Baptist",78.1,49,0.33,136,0.11,154,1.4,36,2.14,13,1.09,79,0.22,141,1.75,241,36.55,49,20.21,167,16.78,272,18.51,217,24.29,47,20.18,194,42.23,76,25.76,199,20.68,96,6.22,319,5.05,314,27.54,123,21.16,262,20.69,109,19.02,83,11.54,314
2023,"Cal Poly",77.31,142,-0.07,178,-0.63,271,0.94,58,1.38,50,-0.48,236,-0.35,223,2.42,50,32.22,137,24.38,46,16.07,303,19.09,193,21.79,112,18.68,251,33.35,246,18.43,312,19.99,110,17.46,45,10.77,74,19.94,338,18.69,325,23.41,40,19.8,57,18.15,48
2023,"Cal St. Bakersfield",77.1,178,-0.68,249,0.38,124,0.02,159,0.76,82,-0.42,230,-0.15,192,1.56,287,32.72,123,24.35,47,24.96,21,18.11,231,15.21,335,17.31,288,34.5,222,36.7,28,16.93,171,5.54,335,6.26,268,25.53,191,24.63,129,18.89,185,16.02,208,14.88,149
2023,"Cal St. Fullerton",76.37,297,-1.47,326,-1.18,325,-1.05,306,-0.24,207,0.38,147,-1.33,329,2.51,33,27.57,256,16.65,295,16.7,281,26.28,14,18.35,232,22.02,140,42.94,65,21.5,269,14.18,229,11.35,159,10.03,94,24.9,217,20.38,291,18.93,182,22.24,17,13.55,214
2023,"Cal St. Northridge",76.36,301,-0.05,175,-0.95,298,-1.63,347,-1.24,311,0.24,163,-0.5,239,1.55,291,32.09,145,14.81,340,18.84,203,16.2,297,19.96,170,30.16,5,36.71,186,33.62,55,11.53,294,8.41,244,9.68,109,29.38,76,26.13,80,14.68,329,15.16,246,14.61,163
2023,"California",79.04,3,2.19,16,1.6,23,2.15,5,1.99,16,1.87,36,1.9,13,1.79,228,34.69,77,23.98,49,22.81,61,17.21,270,20.17,166,15.8,325,42.76,66,16.12,335,13.28,258,18.03,40,9.77,105,24.93,211,23.59,165,17.6,237,19.45,69,14.39,172
2023,"Campbell",76.85,216,-0.77,259,-0.67,274,-0.13,209,-0.35,241,0.77,110,-0.72,274,2.05,136,29.43,215,23.24,63,21.55,93,16.4,291,16.6,308,22.16,136,38.32,147,25.95,194,17,169,9.96,194,8.7,136,27.22,138,24.07,146,21.65,80,12.2,337,14.78,154
2023,"Canisius",77.15,165,0.74,94,0.06,156,0.85,74,-0.63,266,-0.67,258,0.4,114,1.83,218,34.64,78,17.57,257,17.41,260,20.15,150,21.08,134,23.77,99,33.93,234,32.62,75,17.26,159,5.27,337,10.9,69,26.84,148,28.46,36,19.02,176,13.46,302,12.21,280
2023,"Central Arkansas",76.99,196,-0.8,262,-0.4,243,-0.1,203,-0.25,233,1.09,79,-0.6,252,1.38,324,30.89,179,14.26,349,25.79,15,15.24,318,26.29,22,18.35,263,29.88,305,25.86,195,19.92,111,16.08,64,8.17,164,21.65,311,25.8,94,22.43,61,19.69,62,10.36,343
2023,"Central Connecticut",75.58,350,-1.85,345,-0.3,226,-0.22,220,-2.1,345,-3.07,351,-1.07,315,1.65,267,29.95,199,18.22,239,23.9,42,19.35,180,19.36,190,19.17,231,31.16,291,18.75,309,31.5,6,8.11,255,10.48,78,20.21,336,21.58,243,26.61,12,14.42,276,17.18,71
2023,"Central Michigan",78.12,44,1.39,55,0.98,67,0.53,110,0.76,82,1.51,50,1.19,46,1.29,331,35.99,55,19.98,179,15.38,317,20.84,124,17.57,267,26.16,50,38.74,134,29.75,122,13.12,263,9.15,218,9.16,124,24.41,238,22.33,216,21.61,82,17.59,129,13.98,197
2023,"Charleston",76.91,207,0.15,146,-0.59,263,-0.45,247,-0.38,246,0.38,148,-0.22,205,2.04,141,38.18,22,21.41,122,18.35,221,15.06,324,25.16,31,19.99,204,34.39,224,20.83,277,20.41,100,13.52,105,10.77,72,31.72,38,19.86,307,20.56,112,15.83,218,11.97,296
2023,"Charleston Southern",76.39,295,-1.41,323,-0.6,265,-1.01,302,-0.62,264,0.18,172,-1.01,309,1.19,339,32.05,148,15.69,318,20.01,150,18.8,205,28,8,17.49,285,33.49,242,31.9,89,26.37,28,3.31,360,4.89,320,21.8,308,19.32,312,23.23,43,19.66,63,15.97,106
2023,"Charlotte",77.39,131,1.44,53,0.72,89,0.94,69,-0.36,243,-1.21,301,1.08,55,1.67,262,27.04,270,23.81,55,25.24,17,16.24,295,18.41,228,16.24,314,40.94,94,25.72,201,5.39,361,7.18,291,20.7,2,28.71,93,26.12,81,13.5,350,14.92,256,16.68,88
2023,"Chattanooga",76.96,200,1.45,52,0.02,181,-0.06,172,0.35,144,-2.39,339,0.73,84,2.21,96,34.56,81,28.47,14,16.76,273,11.99,361,23.34,65,19.41,223,39.29,121,27.82,156,19.02,127,11.37,157,2.48,361,30.69,52,18.93,321,19.16,167,18.01,113,13.18,234
2023,"Chicago St.",76.72,239,-2.63,359,-0.95,298,0.19,141,0.42,130,1.14,77,-1.79,353,1.41,318,20.46,349,21.27,131,24.95,23,20.24,146,16.81,296,16.65,303,21.16,353,30.15,115,21.37,85,11.92,144,15.33,22,18.26,359,26.97,61,21.59,84,16.83,160,16.25,99
2023,"Cincinnati",77.72,75,0.83,89,0.44,113,1.89,13,0.65,111,-0.62,253,0.63,90,2.45,43,28.76,230,20.57,152,16.75,275,25.56,19,16.46,315,20.61,181,42.48,72,25.02,215,17.35,158,9.59,204,5.47,295,29.4,75,20.96,270,22.83,50,16.17,200,10.57,340
2023,"Clemson",77.98,55,0.74,94,1.07,48,0.84,76,-0.24,207,2.09,23,0.91,70,1.82,219,32.68,125,24.94,40,23.78,43,15.46,307,13.29,359,22.47,125,38.52,143,25.46,206,26.13,32,5.23,339,4.58,331,22.6,291,34.61,4,18.2,214,11.91,340,12.63,260
2023,"Cleveland St.",77.25,151,-0.47,222,0.66,93,1.06,55,-0.02,185,-0.42,228,0.1,156,2.31,72,25.04,306,16.95,284,24.65,31,21.05,117,16.58,311,20.77,176,32.02,278,21.82,263,24.52,46,15.1,82,6.54,254,23.57,270,24.46,134,24.2,33,17.79,121,9.99,349
2023,"Coastal Carolina",77.11,177,-0.03,171,0.9,72,-0.06,172,-0.63,265,-0.07,200,0.44,110,2.32,69,39.71,11,14.86,338,21.01,111,23.5,54,23.47,63,17.11,292,35.5,207,32.93,65,15.96,190,9.19,216,6.34,261,30.03,61,24.22,140,15.18,322,15.21,243,15.31,137
2023,"Colgate",77.42,121,1.19,68,0.87,76,0.18,143,-0.05,189,-0.52,245,1.03,57,2.24,87,24.79,309,25.05,36,16.74,277,20.09,156,19.17,197,18.95,241,58.2,2,22.05,261,8.02,342,6.24,318,5.48,293,26.27,168,19.36,311,19.78,144,16.92,156,17.67,61
2023,"Colorado",78.28,31,1.99,22,1.15,44,0.78,81,0.61,114,1.43,53,1.57,30,1.7,253,38.16,23,19.72,184,20.49,127,17.48,256,16.86,295,25.42,61,28.21,318,27.92,153,22.98,64,10.44,179,10.39,81,19.31,349,24.55,133,22.88,49,16.59,176,16.64,91
2023,"Colorado St.",76.4,290,-0.35,212,-1.93,349,-0.55,258,-0.2,204,-0.37,224,-1.14,323,2.21,97,32.48,130,25.5,32,19.44,177,19.86,163,12.32,362,22.83,116,32.46,267,13.66,348,24.06,52,11.22,162,18.54,5,24.76,224,20.83,277,22.03,67,16.58,177,15.74,117
2023,"Columbia",77.4,128,0.06,160,-0.14,204,-0.39,239,0.76,82,1.3,62,-0.04,180,0.77,361,36.56,48,19.38,192,16.43,292,19.75,166,20.3,157,24.12,89,30.25,301,18.64,310,24.59,45,12.05,142,14.41,29,29.55,66,19.08,317,15.42,314,11.2,349,24.7,1
2023,"Connecticut",78.31,28,1.41,54,0.56,101,0.38,122,1.64,31,2.14,22,0.99,61,1.74,243,28.99,229,30.62,6,15.25,323,20.62,133,18.76,216,14.69,347,42.48,73,19.86,297,16.23,185,12.81,124,8.55,146,34.24,12,18.35,331,19.04,175,16.78,166,11.53,315
2023,"Coppin St.",76.4,291,-1.2,301,-0.42,246,-0.69,270,-0.36,242,-0.75,267,-0.81,290,2.28,77,29.34,220,17.36,264,14.21,342,16.43,289,21.15,133,30.83,3,33.77,238,20.68,286,18.64,129,13.76,97,13.12,38,24.14,249,21.82,236,17.84,232,18.42,95,17.77,58
2023,"Cornell",77.25,149,-0.71,250,-0.04,187,-0.33,230,-0.17,202,2.09,23,-0.38,227,1.9,188,39.95,9,22.2,98,11.94,359,20.94,120,22.29,94,22.56,122,33.25,249,14.65,343,22.51,69,16.26,61,13.23,37,27.27,135,17.42,345,18.43,207,19.9,52,16.89,77
2023,"Creighton",77.91,60,2.96,6,0.42,115,1.25,44,0.25,150,-0.77,270,1.69,20,1.58,282,19.66,351,24.52,43,19.48,175,20.84,125,17.24,281,17.88,276,46.88,29,28.91,135,13.41,252,4.75,348,6,278,18.71,355,21.87,235,29.52,5,14.98,254,14.88,150
2023,"Dartmouth",77.66,83,-0.83,264,0.77,84,1.02,56,0.21,156,1.7,41,-0.03,177,1.57,284,44.27,4,16.59,298,30.34,1,18.63,212,13.97,353,20.45,186,31.45,285,40.19,10,8.92,333,9.67,201,9.76,106,18.44,357,28.18,38,17.53,242,16.33,193,19.5,24
2023,"Davidson",77.76,70,1.3,63,2.16,9,-0.06,172,0.41,133,-0.45,235,1.73,18,1.72,248,26.37,282,14.55,343,26.52,11,17.41,259,16.75,299,24.73,75,35.82,201,38.44,18,11.22,299,8.41,245,6.03,277,17.28,361,26.04,84,17.51,244,19.23,74,19.87,20
2023,"Dayton",78.86,9,0.61,109,1.66,21,2.86,2,2.85,1,0.92,100,1.14,50,1.04,351,30.67,185,29.4,10,16.64,285,23.67,48,14.53,345,15.73,327,37.34,176,13.26,350,31.23,8,12.36,132,5.78,285,24.14,248,17,349,29.77,4,15.44,232,13.63,209
2023,"DePaul",77.12,173,-0.19,185,-0.39,237,0.94,58,0.07,177,-0.26,215,-0.29,213,2.55,27,29.39,217,21.47,119,16.14,298,21.1,113,18.52,224,22.71,118,36.34,192,25.96,191,19.59,118,10.39,180,7.65,189,24.78,222,21.94,232,20.75,107,15.31,239,17.17,73
2023,"Delaware",76.66,252,-2,350,-0.95,298,-0.02,166,0.35,145,0.5,136,-1.47,341,2.12,114,27.4,261,22.49,86,15.34,319,15.38,311,16.7,301,30.09,6,21.56,352,28.62,140,22.75,68,10.99,168,16.07,15,21.95,304,27.25,54,18.57,202,14.61,270,17.64,62
2023,"Delaware St.",77.56,98,1.64,36,0.64,96,0.54,108,-1.03,298,0.61,124,1.14,49,1.51,301,36.79,42,20.58,151,13.97,347,20.37,144,18.27,236,26.74,40,26.68,331,31.63,95,17.92,145,8.57,235,15.14,23,23.82,262,28.08,40,13.93,343,14.96,255,19.14,31
2023,"Denver",78.14,38,0.35,133,0.87,77,1.48,31,2.05,14,0.55,131,0.61,94,1.53,297,28.5,236,22.44,90,19.21,188,16.47,286,16.99,292,24.84,72,39.27,122,37.53,22,10.47,308,6.99,298,5.66,288,25.16,203,29.84,21,16.73,279,15.99,211,12.23,275
2023,"Detroit Mercy",76.71,243,-0.37,214,-0.01,185,-0.56,261,-0.62,263,-0.33,221,-0.19,203,2.62,17,33.15,113,16.98,282,18.16,228,19.33,183,20.66,146,24.82,73,42.32,74,20.08,295,19.77,115,9.08,221,8.66,139,31.54,40,20.86,274,20.48,115,13.13,311,13.91,198
2023,"Drake",76.36,299,0.24,141,-0.17,210,-1.18,324,-1.6,328,-0.91,278,0.04,167,2.28,78,27.57,257,17.84,252,28.74,5,18.59,215,15.12,336,19.7,213,44.52,47,15.37,340,20.12,107,7.67,277,12.3,47,28.48,101,19.92,306,20.87,105,11.77,342,18.95,35
2023,"Drexel",77.41,123,0.03,165,-0.95,298,-0.01,164,0.76,82,1.81,37,-0.46,233,2.08,127,31.38,167,25.28,35,14.53,334,22.17,85,18.11,243,19.88,206,44.63,44,18.48,311,20.44,99,10.11,185,6.31,264,36.11,6,17.96,337,19.19,163,10.75,353,15.95,107
2023,"Duke",79.31,1,3.24,4,2.93,3,2.11,7,1.78,19,1.09,79,3.09,3,0.88,357,31.37,170,21.41,123,21.6,92,19.38,178,17.05,290,20.51,184,36.12,195,36.27,31,12.54,275,7.29,288,7.71,186,30.69,51,27.54,51,16.86,268,14.79,265,10.06,347
2023,"Duquesne",75.91,335,-0.33,211,0.2,141,-0.51,252,-1.02,297,-4.22,358,-0.07,186,1.96,170,37.17,40,21.54,116,18.65,211,19.67,170,24.73,39,15.38,334,44.24,51,26.92,174,12.87,269,9.64,203,6.25,270,28.43,102,21.22,259,18.41,208,21.27,30,10.62,336
2023,"East Carolina",77.07,186,0.46,122,0.29,131,-0.06,172,-0.02,186,-0.75,269,0.38,120,1.25,334,31.91,151,20.48,154,19.27,186,17.11,273,23.14,70,19.96,205,35.81,202,25.15,211,10.01,316,18.59,32,10.37,82,26.22,169,25.6,101,17.28,251,15.64,224,15.2,142
2023,"East Tennessee St.",76.35,302,-1.1,292,1.05,51,0.59,101,-2.43,356,-1.76,324,-0.03,176,1.53,296,31.58,160,16.45,302,24.94,24,19.64,171,14.67,344,24.3,86,29.88,306,39.93,11,19.08,126,5.03,344,6.08,276,22.88,285,26.9,62,21.09,97,12.78,328,16.35,98
2023,"Eastern Illinois",76.57,265,-0.05,174,0.23,136,-0.06,172,-1.05,301,-1.65,317,0.09,157,1.43,316,38.07,25,22.8,74,18.1,232,14.69,332,20.55,151,23.8,97,44.73,43,27.93,152,4.77,363,8.03,258,14.45,28,26.07,175,26.15,79,14.47,337,14.73,266,18.5,43
2023,"Eastern Kentucky",76.29,310,-1.32,317,0,184,-0.12,207,-2.24,349,-0.28,217,-0.66,264,1.55,292,29.63,208,20.17,171,20.53,123,26.32,12,19.1,201,13.86,358,36.82,185,28.25,146,21.44,83,5.56,334,7.91,174,25.94,182,27.09,55,19.65,150,13.02,317,14.29,180
2023,"Eastern Michigan",77.74,73,0.71,99,1.05,51,0.3,127,0.15,163,1.09,79,0.88,72,0.78,360,32.42,132,29.34,12,15.26,322,16.5,284,18.77,215,20.11,197,16.31,363,29.88,119,29.29,13,9.96,193,14.48,27,30.25,60,18.48,329,17.88,230,12.94,320,20.41,15
2023,"Eastern Washington",78.88,8,0.67,104,0.05,157,1.54,27,2.76,2,3.94,2,0.36,122,1.63,271,29.49,213,21.34,127,24.57,34,20.42,142,17.48,272,16.14,317,27.17,328,9.15,361,23.21,59,28.14,2,12.27,48,20.47,331,13.98,362,24.31,30,25.9,4,15.29,138
2023,"Elon",77.08,182,0.35,135,-1.75,344,-0.06,172,1.76,20,-0.3,218,-0.7,270,2.02,148,29.28,221,18.7,218,14.85,327,19.99,158,22.28,95,24.18,88,38.79,133,15.2,342,18.32,137,17.16,49,10.53,77,23.1,280,16.54,351,25.86,15,19.75,60,14.75,156
2023,"Evansville",77.28,146,0.38,132,0.22,138,0.84,75,-0.26,234,-0.22,210,0.3,134,2.19,100,29.39,218,20.86,139,17.26,265,25.82,16,20.42,154,15.64,329,38.22,150,22.34,259,21.09,87,12.83,122,5.51,292,29.1,82,20.26,295,14.35,338,22.74,13,13.55,213
2023,"FIU",75.9,336,0.9,87,-2.45,358,-1.06,307,-1.42,324,-1.91,329,-0.78,286,1.23,335,38.35,17,17.34,265,17.59,251,26.73,9,18.06,245,20.2,193,32.46,268,17.26,323,15.26,201,17.13,52,17.81,8,23.96,257,22.16,219,18.62,198,16.43,185,18.77,37
2023,"Fairfield",77.68,79,-0.01,167,0.65,95,0.22,136,0.76,82,1.38,56,0.32,130,2.24,88,29.37,219,20.43,157,23.53,46,14.25,338,20.69,145,21.1,168,38.02,156,33.02,63,9.75,323,12.12,137,7.09,215,29.48,72,22.05,225,17.49,246,16.81,165,14.17,185
2023,"Fairleigh Dickinson",73.37,363,-3.26,362,-2.81,361,-2.83,362,-4.87,363,-4.78,362,-3.03,363,1.94,176,32.92,118,19.2,198,17.99,237,19.32,186,18.78,213,24.69,77,25.72,338,33.53,57,26.57,24,9.2,215,4.95,318,18.77,354,23.03,179,20.34,123,22,21,15.83,112
2023,"Florida",77.66,84,1.6,39,0.45,111,-0.41,242,0.08,175,1.14,76,1.02,58,1.92,182,34.25,87,23.93,51,19.3,183,22.92,66,16.21,322,17.61,282,32.04,277,28.06,148,18.36,134,11.51,152,9.99,95,25.06,205,22.6,201,17.11,258,20.66,39,14.55,166
2023,"Florida A&M",77.36,135,-0.73,253,-0.08,195,0.61,98,0.51,120,1.09,79,-0.4,229,1.98,159,35.83,57,13.03,358,22.69,66,20.71,128,22.35,92,21.22,160,29.84,308,25.07,213,24.45,49,15.99,66,4.65,326,22.32,298,25.96,89,18.34,210,19.14,77,14.24,183
2023,"Florida Atlantic",76.03,328,1.47,47,-2.95,362,-2.01,358,-1.2,309,-0.55,247,-0.74,280,1.41,317,38.44,16,21.93,110,22.92,60,13.98,345,23.85,57,17.25,289,43.19,62,20.52,289,9.85,320,20.24,21,6.12,273,25.47,193,20.55,286,19.66,148,20.24,45,14.01,195
2023,"Florida Gulf Coast",76.93,203,-0.39,215,-0.6,266,-0.06,172,-0.15,201,0.43,144,-0.49,238,1.97,165,28.27,241,22.1,102,18.3,224,13.88,346,19.64,182,26.04,52,44.08,53,25.49,203,8.41,341,17.18,48,4.78,324,26.17,171,24.32,137,17.83,233,19.37,71,12.27,272
2023,"Florida St.",79.22,2,2.69,8,0.69,91,1.36,38,1.88,18,4.09,1,1.69,22,1.09,350,25.93,290,17.12,272,20.09,143,18.06,236,21.68,114,23.05,107,33.62,240,25.86,196,20.21,104,13.32,109,7,222,21.91,305,27.07,57,21.76,77,15.05,251,14.21,184
2023,"Fordham",77.46,116,0.09,157,0.13,153,0.01,161,0.44,127,1.22,68,0.11,155,2.05,135,28.53,234,18.85,211,25.18,18,13.3,353,17.17,285,25.48,60,49,23,27.62,162,7.66,347,10.53,177,5.16,309,29.2,78,24.61,131,17.6,238,13.76,295,14.82,153
2023,"Fresno St.",77.37,134,0.95,85,-0.94,296,-0.06,172,1.51,39,-0.03,198,0,172,2.62,16,32.33,135,25.28,34,13.07,355,24.03,40,14.91,338,22.67,119,48.73,24,13.33,349,7.59,348,18.86,31,11.44,58,36.74,5,15.72,357,15.51,309,19.83,56,12.15,284
2023,"Furman",76.61,256,-1.21,302,-0.32,228,-0.79,282,-0.23,206,0.17,173,-0.76,283,1.85,211,26.22,284,17.18,269,23.44,48,18.3,220,22.56,81,18.52,255,29.24,313,25.96,193,23.61,54,15.32,78,5.87,283,21,322,28.45,37,21.28,92,12.27,336,16.99,74
2023,"Gardner Webb",76.34,305,-0.63,237,-0.38,235,-0.48,250,-1.05,300,-1.2,298,-0.5,242,2.08,126,33.7,101,20.61,149,20.14,139,22.2,84,16.07,325,20.99,170,34.33,225,32.9,66,21.79,78,4.39,351,6.58,250,25.27,200,20.53,287,20.18,127,18.61,92,15.41,129
2023,"George Mason",77.31,143,0.12,150,0.42,117,-0.2,217,0.76,82,0.01,192,0.27,139,2.38,58,33.49,107,25.92,30,18.2,226,17.54,255,18.83,210,19.5,221,40.88,96,33.6,56,11.72,293,6.71,308,7.04,220,27.42,126,25.98,87,17.53,241,17.21,141,11.84,303
2023,"George Washington",77.58,95,0.92,86,0.5,105,-0.09,201,0.56,116,0.61,125,0.71,86,2.44,45,18.55,359,15.86,313,16.13,299,15.41,308,25.2,28,27.4,32,32.59,262,35.54,41,17.8,149,10.26,182,3.81,343,24.9,215,26.99,60,24.75,27,14.05,282,9.31,355
2023,"Georgetown",78.11,46,1.29,64,1.04,61,0.34,124,0.38,139,2.09,23,1.17,48,1.9,191,28.52,235,18.46,230,15.45,314,21.39,108,20.24,160,24.42,81,37.66,169,28.55,142,12.63,273,13.64,101,7.47,193,29.61,65,22.99,185,18.15,215,18.12,110,11.09,326
2023,"Georgia",77.59,91,0.96,84,0.82,80,0.72,82,0.04,179,-0.02,194,0.89,71,2.24,90,44.35,3,19.04,204,19.37,179,15.95,301,26.65,19,18.96,240,38.02,154,27.4,165,15.25,202,12.91,119,6.38,259,26.63,159,23,182,18.03,219,15.76,220,16.55,95
2023,"Georgia Southern",76.4,293,0.47,120,-0.18,212,-0.87,293,-1.67,330,-1.2,299,0.14,150,2.67,13,32.58,127,14.32,347,25.14,19,18.78,207,20.27,159,21.44,155,39.53,116,31.96,86,14.97,211,6.89,303,6.57,251,24.99,207,23.17,175,20.94,100,15.06,249,15.76,116
2023,"Georgia St.",76.28,313,-1.11,293,-0.95,297,-0.8,284,-0.69,271,-0.49,238,-1.03,313,1.17,341,31.17,175,16.08,306,21.05,110,19.34,182,23.69,60,19.78,208,37.85,164,25.73,200,15.73,194,12.82,123,7.77,180,29.02,85,24.73,126,17.06,260,15.68,222,13.43,222
2023,"Georgia Tech",77.12,171,-0.93,281,-0.45,248,0.94,58,0.01,182,0.63,120,-0.69,268,2.03,145,29.06,226,18.09,243,19.1,194,23.52,52,20.61,149,18.62,252,43.47,59,30.63,109,5.16,362,5.02,345,15.63,20,24.65,227,22.57,205,15.86,300,15.16,245,21.7,10
2023,"Gonzaga",78.07,51,0.74,94,1.11,46,1.25,42,0.45,125,1.37,57,0.93,68,2.16,105,24.84,308,28.31,16,19.91,155,19.33,184,18.34,233,14.05,354,38.69,137,32.82,68,12.1,282,12.87,120,3.45,348,24.91,214,22.46,213,24.22,32,16.13,202,12.21,278
2023,"Grambling St.",77.39,130,0.99,80,0.28,133,-0.11,206,-0.25,232,0.65,118,0.63,91,2.49,36,35.21,72,17.92,247,22.06,79,22.8,69,19.12,200,18.04,270,35.62,206,25.03,214,17.07,167,13,116,9.19,122,24.34,240,24.22,139,20.9,103,16.15,201,14.32,178
2023,"Grand Canyon",77.15,168,-0.68,248,-0.51,256,-0.38,237,0.76,105,1.13,78,-0.6,250,1.71,250,32.12,143,15.16,329,21.31,102,15.32,313,28.41,7,19.75,209,43.97,55,25.96,192,10.25,312,9.87,197,9.86,103,28.05,112,24.96,122,15.98,294,17.32,137,13.6,210
2023,"Green Bay",76.55,268,-0.96,282,-1.09,317,-0.87,294,-0.35,240,0.61,122,-1.03,312,1.39,322,37.48,31,22.42,91,22.52,70,20.86,121,17.44,274,16.72,302,34.12,228,22.75,254,17.35,157,8.31,250,17.41,9,20.3,335,20.83,278,21.59,85,17.84,119,19.41,26
2023,"Hampton",77.35,138,-1.89,348,-1.27,333,-0.06,172,1.76,20,2.77,11,-1.58,345,2.05,139,21.2,346,19.1,201,22.68,68,17.22,269,20.9,139,20.04,200,52.5,11,17.88,317,16.46,180,3.37,359,9.71,107,30.28,59,24.57,132,19.48,157,12.72,329,12.88,253
2023,"Hartford",75.94,332,-0.67,247,-1.01,311,-1.06,307,-0.49,254,-2.48,343,-0.84,299,2.16,104,27.55,258,20.31,163,15.55,310,26.32,13,19.54,185,18.26,267,35.1,213,37.93,20,9.79,322,7.92,265,9.22,120,27.3,133,23.68,161,15.45,312,16.59,175,16.95,75
2023,"Harvard",77.69,78,-0.21,187,-0.75,276,0.94,58,1.63,34,1.41,54,-0.48,235,1.94,175,29.42,216,19.64,188,21.22,106,24.16,38,17.89,252,17.07,293,30.93,293,15.7,339,26.5,25,15.9,68,10.94,67,19.72,340,22.74,195,24.88,24,17.42,136,15.22,141
2023,"Hawaii",77.16,162,1.35,59,1.67,20,0.94,58,-1.28,319,-2.31,337,1.51,32,2.03,143,21.41,345,19.88,181,20.26,136,19.6,173,20.2,164,20,202,24.48,342,33.5,58,26.98,22,4.66,349,10.27,85,27.72,118,24.96,123,20.46,118,13.32,303,13.47,220
2023,"High Point",76.59,258,-1.4,321,0.05,157,-0.69,272,0.76,82,-1.18,297,-0.67,266,1.75,242,33.84,100,12.4,359,20.42,134,23.56,50,26.98,14,16.6,306,38.94,129,31.19,101,9.84,321,12.73,125,7.28,201,26.09,174,27.89,43,17.49,247,16.47,181,12.02,292
2023,"Hofstra",76.53,273,-0.84,269,0.24,134,-1.55,342,-0.24,207,-0.39,226,-0.3,217,2.1,121,25.82,294,15.04,331,19.19,189,22.95,65,28.58,6,14.23,352,51.22,14,23.25,246,8.48,338,6.89,304,10.16,90,21.9,306,20.05,302,18.85,186,21.01,34,18.2,47
2023,"Holy Cross",76.29,311,-3.26,362,-1.54,341,-0.06,172,0.79,78,0.09,176,-2.4,360,1.67,261,19.27,353,22.36,95,16.98,270,17.11,274,22.8,77,20.69,179,38.52,144,21.89,262,10.69,306,22.93,8,5.89,282,25.5,192,25.94,90,18.97,179,19.16,76,10.35,344
2023,"Houston",76.74,230,-1.26,305,0.11,155,-0.09,196,-0.74,276,0.27,160,-0.57,248,1.46,311,26.85,272,18.61,222,20.11,142,17.18,271,24.68,40,19.36,225,34.71,218,35.17,46,16.58,177,8.01,262,5.44,296,25.12,204,27.61,49,19.73,145,15.01,252,12.47,264
2023,"Houston Christian",77.02,192,0.31,138,-1.39,337,-0.19,214,-0.24,207,1.21,71,-0.54,244,1.95,172,25.59,299,22.71,76,13.62,352,22.53,77,18.06,244,23.04,108,41.72,82,30.64,108,13.71,245,8.51,240,5.35,299,27.49,124,30.76,14,17.12,256,12.59,332,11.97,295
2023,"Howard",76.88,213,0.46,123,0.9,71,0.09,154,-0.59,260,-1.86,327,0.68,88,1.64,268,36.28,53,19.02,206,22.95,58,18.3,222,21.31,122,18.36,261,20.05,359,24.63,225,26.17,30,22.42,10,6.64,244,24.26,243,23.27,171,20.11,131,15.6,226,16.69,87
2023,"IUPUI",77.08,181,-0.26,192,-1.15,321,-1.06,307,0.37,142,2.09,23,-0.7,272,1.2,337,37.42,33,17.02,279,14.58,333,20.59,135,20.34,155,27.45,31,40.88,97,24.23,230,15,210,13.28,112,6.58,249,24.13,250,21.78,237,18.95,180,15.92,213,19.19,30
2023,"Idaho",76.53,272,-0.64,241,-1.12,318,-1.41,338,-0.68,269,1.09,79,-0.88,303,1.92,183,23.93,326,29.75,7,18.14,230,18.25,224,21.86,108,11.91,363,48.45,25,20.55,288,14.53,222,11.42,156,4.96,317,33.96,16,24.62,130,16.88,266,12.69,330,11.78,305
2023,"Idaho St.",77.41,124,-0.26,192,0.9,73,-0.08,192,-0.24,207,1.31,59,0.32,129,2.17,103,33.36,110,16.44,303,24.75,29,12.81,356,19.88,174,26.09,51,32.54,264,34.09,52,20.03,108,5.05,343,8.24,158,20.84,325,25.73,95,18.9,184,18.79,87,15.7,119
2023,"Illinois",78.74,13,0.56,114,2.05,11,1.57,24,2.39,8,1.69,43,1.31,39,1.41,319,33.06,116,17.94,244,25.38,16,13.33,352,25.06,33,18.27,265,27.19,327,23.43,241,25.33,37,17.08,54,6.95,228,22.35,297,26.68,66,19.58,153,17.22,140,14.14,188
2023,"Illinois Chicago",77.19,158,-0.52,229,0.2,140,-0.05,170,0.56,117,0.35,154,-0.16,197,1.11,349,28.39,238,18.51,228,18.07,235,19.53,175,21.61,115,22.23,133,35.63,205,16.65,329,15.34,199,21.84,14,10.45,80,27.4,128,21.07,267,17.96,226,18.92,86,14.57,164
2023,"Illinois St.",77.24,152,0.15,147,0.54,102,0.98,57,-0.56,258,-0.34,222,0.34,126,2.42,48,25.76,297,17.53,260,20.88,116,19.07,195,18.5,225,24,94,36.1,196,32.48,77,15.35,198,5.92,323,10.09,92,22.53,293,27.92,41,19.62,151,13.06,314,16.83,79
2023,"Incarnate Word",76.65,255,0.1,152,0.03,179,-1.62,345,-0.93,289,0.23,167,0.06,162,1.01,352,31.5,163,20.3,164,16.59,287,18.8,204,17.73,259,26.53,42,38.22,151,17.06,324,16.89,172,16.63,59,11.14,62,32.56,31,20.28,293,18.6,200,15.06,248,13.42,223
2023,"Indiana",78.59,19,-0.26,192,0.96,69,1.43,34,2.38,9,3.03,8,0.35,125,1.51,300,29.04,227,28.44,15,20.43,132,16.42,290,19.68,181,15.03,341,41.24,91,28.53,143,13.87,241,6.97,300,9.39,116,33.21,24,23.03,180,14.48,336,14.91,257,14.36,176
2023,"Indiana St.",77.74,74,0,166,-0.48,252,0.27,130,1.04,63,2.44,17,-0.24,208,2.19,99,33.55,104,22.14,99,19.79,162,21.58,103,20.74,144,15.76,326,30.56,298,26.41,187,16.99,170,15.98,67,10.05,93,20.19,337,17.91,338,22.19,63,23.73,7,15.98,105
2023,"Iona",77.5,110,1.71,34,1.27,40,-1.38,337,-0.38,247,0.87,103,1.49,33,1.9,190,25.79,296,17.29,266,18.94,198,15.72,305,21.83,110,26.2,48,29.19,314,35.7,38,14.21,228,13.11,115,7.76,182,24.2,246,25.69,96,15.48,310,15.29,240,19.32,27
2023,"Iowa",78.35,27,-0.26,192,1.32,34,1.55,25,1.59,36,2.16,21,0.53,102,2.04,142,27.85,247,22.13,100,27.29,9,19.02,197,15.61,329,15.94,320,26.57,332,32.61,76,17.24,160,14.35,91,9.23,118,23.32,275,26.07,83,22.46,60,16.22,196,11.93,299
2023,"Iowa St.",77.27,147,0.63,106,0.3,130,-1.01,303,0.43,128,0.61,123,0.46,107,2.4,55,31.36,171,23.11,65,16.12,300,23.92,45,21.28,125,15.56,330,41.47,88,26.48,185,9.61,326,6.54,315,15.9,18,24.15,247,26.25,77,17.06,259,14.44,275,18.1,51
2023,"Jackson St.",75.99,331,-0.1,181,-0.64,272,-0.06,172,-0.61,261,-4.07,356,-0.37,226,1.64,270,29.88,204,19.66,187,20.54,122,22.63,75,21.23,129,15.86,322,27.96,320,32.69,73,21.83,77,8.77,230,8.68,138,25.33,198,26.67,67,18.2,213,17.83,120,11.9,300
2023,"Jacksonville",76.7,244,0.82,90,-1.2,327,-2.06,359,-0.24,207,0.78,108,-0.19,201,2.41,51,27.09,269,21.98,106,17.62,250,18.71,210,18.21,239,23.41,105,38.29,148,27.88,155,16.04,188,11.09,165,6.6,248,22.84,286,22.51,207,16.04,293,20.82,37,17.72,59
2023,"Jacksonville St.",76.77,227,0.4,127,-0.26,221,-0.08,195,-0.82,283,-0.81,271,0.07,161,2.05,134,33.63,103,16.83,289,18.32,223,20.45,140,21.53,117,22.81,117,34.11,229,24.83,219,26.22,29,7.76,273,7.01,221,17.34,360,25.17,118,25.73,16,21.14,32,10.55,342
2023,"James Madison",76.89,212,-1.26,305,-0.08,198,-0.26,226,0.76,82,-0.15,206,-0.67,265,2.04,140,38.56,15,21.84,112,18.79,205,19.25,189,20.64,147,19.43,222,25.61,340,36.34,30,15.15,205,15.7,73,7.14,209,19.31,350,21.64,239,22.97,47,22.91,10,13.12,236
2023,"Kansas",77.46,117,-0.72,251,0.99,66,1.59,23,0.23,154,-0.23,211,0.13,153,1.49,303,17.96,361,21.59,114,29.2,3,19.71,168,14.69,341,14.76,345,21.9,351,22.48,258,30.86,9,17.13,51,7.55,192,20.32,334,30,20,20,137,19.01,84,10.61,338
2023,"Kansas St.",76.28,312,0.66,105,0.98,68,-0.36,236,-0.87,284,-4.41,360,0.82,79,2.46,42,24.01,325,19.22,197,21.34,101,20.11,153,14.79,340,24.52,79,38.47,145,27.19,168,22.07,73,7.24,290,4.99,316,23.97,256,20.07,300,22.54,56,18.03,112,15.36,132
2023,"Kennesaw St.",75.89,337,-1.72,339,-1.06,314,-1.06,307,0.14,164,-2.27,336,-1.39,334,2.38,57,29.61,209,22.41,92,18.14,229,18.13,230,18.26,237,23,112,41.19,92,26.71,179,11.87,289,12.36,133,7.8,177,26.05,178,26.9,63,18.58,201,13.51,300,14.89,148
2023,"Kent St.",75.69,345,-0.84,266,-0.79,281,-1.62,346,-2.13,346,-1.59,313,-0.81,291,2.24,89,28.34,240,19.11,200,18.77,206,19.87,162,20.07,168,22.16,135,37.37,174,32.78,70,22.85,66,3.94,355,3.02,355,27.85,116,25.94,91,19.71,147,13.8,293,12.68,259
2023,"Kentucky",77.64,88,-0.26,192,1.83,18,0.58,103,1.1,61,-0.48,237,0.79,82,1.86,207,27.81,248,17.91,248,24.83,28,19.68,169,22.45,87,15.13,338,23.07,349,51.55,1,13.35,254,8.18,253,3.85,342,24.54,234,35.88,2,17.89,229,13.01,318,8.68,359
2023,"LIU",77.02,193,-1.26,305,-0.51,257,0.92,71,1.47,42,-0.94,287,-0.88,304,1.19,338,34.7,76,16.04,308,23.93,40,21.73,99,18.13,242,20.12,196,30.43,299,16.15,333,17.1,166,27.87,3,8.38,151,25.37,197,23.73,158,16.53,285,19.56,66,14.74,157
2023,"LSU",77.54,102,0.97,83,2.8,4,-0.78,281,-0.77,280,0.06,187,1.89,14,1.84,213,34.73,75,16.83,288,29.4,2,16.07,299,20.09,167,17.6,283,35.79,204,36.41,29,7.84,345,15.74,72,4.18,338,25.99,180,27.38,53,13.09,357,19.04,82,14.49,169
2023,"La Salle",76.23,318,-0.74,254,-0.34,232,-0.71,274,-1,296,-1.5,312,-0.54,243,1.99,155,32.11,144,16.51,300,18.13,231,21.74,97,24.92,35,18.69,249,32.92,250,28.03,150,17.15,164,14.43,90,7.44,194,24.57,233,21.41,253,24.62,28,16.83,161,12.55,262
2023,"Lafayette",77.49,112,-0.22,189,0.05,157,1.31,41,0.19,159,0.7,116,-0.08,190,1.34,328,26.63,278,25.94,29,24.95,22,18.21,226,16.73,300,14.17,353,32.21,273,23.45,240,24.45,48,8.97,225,10.92,68,23.92,259,17.55,342,22.18,64,19.9,53,16.46,96
2023,"Lamar",75.71,342,-0.02,170,-1.24,330,-1.95,356,-1.99,339,-1.67,319,-0.63,257,0.81,359,33.44,109,20.92,136,17.02,268,15.26,317,27.66,11,19.11,233,47.54,26,22.9,252,12.15,280,8.96,226,8.41,149,33.39,22,22.67,198,18.74,192,11.84,341,13.3,229
2023,"Lehigh",76.85,217,0.16,145,-0.81,283,-0.35,235,0.28,147,-0.43,232,-0.33,220,1.82,221,33.92,99,17.06,277,24.32,37,13.29,354,24.25,49,21.09,169,51.17,15,23.48,237,9.65,325,6.06,322,9.64,110,19.5,345,30.56,16,14.91,326,12.89,324,22.15,6
2023,"Liberty",75.01,362,-1.37,319,0.05,157,-1.1,321,-4.02,362,-3.91,355,-0.66,263,1.94,178,31.42,166,18.26,237,20.03,148,9.38,363,17.69,263,34.64,1,40.93,95,11.84,354,31.97,5,8.03,259,7.23,205,29.54,67,18.83,322,21.67,79,14.89,258,15.07,145
2023,"Lindenwood",75.65,347,-2.03,351,-1.08,315,-1.54,341,-1.24,311,-1.28,303,-1.56,344,2.48,38,27.31,264,26.15,27,17.3,264,12.3,360,20.75,143,23.5,103,40.03,107,32.43,78,11.5,296,8.33,249,7.72,185,26.28,167,25.19,117,17.12,257,14.67,268,16.75,82
2023,"Lipscomb",76.72,238,-0.09,179,-1.17,323,-1.56,343,-0.24,207,1.24,66,-0.63,256,1.43,315,34.55,82,20.69,146,23.1,55,19.28,188,18.9,206,17.98,272,31.48,283,31.58,96,14.58,217,9.66,202,12.64,42,27.36,130,20.93,271,15.87,299,18.29,99,17.5,64
2023,"Little Rock",77.27,148,-1.26,305,-0.27,222,0.94,58,1.52,38,-0.01,193,-0.76,284,1.96,167,29.25,222,21.89,111,19.15,190,22.35,81,18.01,247,18.6,253,29.73,310,23.43,242,25.17,39,11.21,163,10.46,79,19.06,352,18.36,330,30.44,2,22.16,18,9.98,350
2023,"Long Beach St.",77.38,132,0.87,88,-0.08,197,0.08,156,0.78,79,-0.15,207,0.4,116,1.21,336,34.06,93,22.5,83,17.46,258,16.06,300,22.52,84,21.41,157,38.88,130,16.35,330,15.1,207,22.69,9,6.88,234,31.94,36,14.97,358,17.45,248,21.42,29,14.15,187
2023,"Longwood",76.12,322,-2.26,355,-0.77,279,-0.51,253,-1.36,321,0.09,176,-1.51,343,2.5,35,33.96,96,21.36,126,20.01,149,22.66,72,18.05,246,17.89,275,26.79,330,30.06,116,22.05,74,10.89,171,10.17,89,25.32,199,17.12,347,23.86,34,17.03,152,16.66,90
2023,"Louisiana",76.56,267,1.3,62,0.02,180,-1.8,351,-2.24,349,0.09,176,0.66,89,1.85,209,28.69,232,26.5,23,21.12,109,21.98,88,15.06,337,15.34,336,33.86,235,38.89,15,13.89,239,7.7,276,5.65,289,33.16,26,29.16,27,14.01,342,10.03,358,13.64,208
2023,"Louisiana Monroe",76.26,317,0.17,144,-0.15,207,-0.81,285,-2.44,357,-0.91,278,0.01,171,2.07,130,19.1,355,15.65,320,15.88,305,19.04,196,24.37,45,25.02,66,44.4,48,21.3,270,18.18,140,10.78,173,5.25,303,27.59,122,22.59,202,15.38,317,18.69,90,15.68,121
2023,"Louisiana Tech",76.95,202,-0.22,190,-0.5,254,0.02,160,-0.24,207,0.26,161,-0.36,224,1.55,290,34.59,79,17.13,271,16.69,282,21.58,104,16.22,321,28.33,16,38.23,149,26.98,173,18.61,130,8.34,248,7.78,179,24.05,253,23.32,169,20.81,106,15.61,225,16.16,102
2023,"Louisville",78.77,12,0.59,111,1.38,31,2.91,1,1.45,45,2.09,23,0.98,62,1.53,298,28.06,243,16.6,297,18.71,208,16.93,277,18.58,221,29.14,12,31.53,282,27.28,167,19.79,114,14.84,84,6.49,257,28.07,111,27.08,56,16.75,277,16.1,204,11.94,297
2023,"Loyola Chicago",76.72,236,-0.59,234,0.05,157,0.64,93,-1.06,302,-0.83,274,-0.27,211,1.98,162,31.66,157,20.61,150,16.38,294,27.42,6,17.96,248,17.64,281,39.82,110,9.83,360,30.76,10,14.11,93,5.48,294,23.94,258,21.94,231,23.63,36,18.14,108,12.35,269
2023,"Loyola MD",75.62,349,0.74,94,0.24,135,-1.27,330,-3.24,361,-3.78,354,0.49,104,1.77,234,31.95,150,20.36,159,14.27,340,19.91,160,20.76,142,24.66,78,44.56,45,29.46,126,16.66,174,5.11,341,4.16,339,33.51,21,26.82,65,16.56,282,10.82,352,12.26,273
2023,"Loyola Marymount",77.47,114,0.53,117,-0.54,260,0.78,80,-0.05,190,1.2,73,-0.01,173,2.29,74,32.96,117,14.57,342,14.42,337,20.1,154,18.99,202,31.9,2,39.19,124,12.69,352,28.01,18,5.31,336,14.77,25,30.79,49,16.36,353,24.51,29,9.58,360,18.73,38
2023,"Maine",76.41,287,-0.61,236,-1.6,343,-1.06,307,-0.18,203,0.09,176,-1.11,319,1.69,255,22.56,340,18.33,232,20.51,125,24.47,34,24.68,41,11.95,362,32.25,272,31.15,102,7.13,353,19.98,24,9.41,114,23.76,266,23.13,176,13.19,355,19.62,64,20.23,16
2023,"Manhattan",77.16,164,0.08,158,-1.09,316,-0.06,172,0.84,70,0.6,126,-0.5,240,2.65,14,25.85,292,20.25,166,14.45,335,17.79,246,21.22,130,26.23,46,52.4,12,21.25,272,10.46,309,7.86,268,7.92,173,38.72,1,19.31,313,15.57,304,15.33,236,10.97,329
2023,"Marist",77.4,127,1.31,61,-0.39,239,-0.33,231,0.41,135,0.59,128,0.46,108,1.55,293,31.1,177,33.54,1,13.57,353,14.84,328,18.92,204,19.13,232,33.3,247,38.2,19,20.72,92,4.97,346,2.82,359,27.62,121,19.2,315,22.12,65,18.18,103,12.88,254
2023,"Marquette",77.19,159,0.11,151,0.75,87,-0.53,255,0.09,174,0.12,175,0.43,111,1.14,345,27.17,267,18.52,226,22.58,69,20.85,123,22.05,103,15.98,319,34.25,226,29.77,121,11.31,298,10.05,188,14.58,26,22.65,289,21.08,266,19.55,155,20.65,40,16.04,104
2023,"Marshall",77.85,65,2.29,15,1.05,51,0.29,128,-0.03,187,0.23,168,1.67,24,1.81,223,15.95,363,14.98,334,14.3,338,27.32,8,26.87,16,16.51,309,42.67,68,20.22,293,17.74,151,13.51,106,5.8,284,36.77,4,22.99,184,15.31,319,15.55,229,9.32,354
2023,"Maryland",77.89,63,-0.58,233,1.05,51,1.85,14,1.23,58,0.48,140,0.23,140,2.52,30,24.68,312,22.91,70,20.08,145,13.57,348,16.8,297,26.62,41,38.64,141,17.51,318,17.55,153,9.37,210,16.89,12,28.22,108,21.36,254,17.8,234,13.03,316,19.55,23
2023,"Maryland Eastern Shore",75.23,358,-2.87,360,-1.95,351,-1.87,353,-0.96,290,-1.62,314,-2.41,361,2.57,23,36.74,44,17.64,256,21.8,86,24.35,35,21.84,109,14.33,349,35.23,211,28.28,145,11.84,290,14.68,88,9.94,97,27.08,141,24.16,143,16.76,276,15.34,235,16.63,92
2023,"Massachusetts",77.53,104,0.19,142,0.52,103,1.51,29,0.69,109,-0.7,261,0.36,124,1.73,246,45.98,1,18.2,240,23.59,44,23.08,61,16.49,314,18.57,254,23.6,344,28.03,149,28.92,14,12.86,121,6.5,256,24.92,213,21.48,247,23.48,38,18.05,111,12,293
2023,"McNeese St.",77,195,-1.44,324,-0.25,218,0.42,118,0.79,77,0.07,186,-0.84,300,1.57,283,27.97,245,17.37,263,24.73,30,17.4,260,21.27,126,19.19,230,33.45,244,33.94,54,14.53,221,8.02,261,9.99,96,20.35,333,30.82,13,19.72,146,17.75,125,11.31,320
2023,"Memphis",76.82,221,-0.03,172,0.13,152,-0.05,171,-0.43,250,-0.91,278,0.05,165,2.81,1,36.43,51,23.41,60,15.61,309,17.84,244,14.34,347,28.81,13,31.24,287,24.98,218,17.92,146,18.49,34,7.37,197,29.15,80,24.01,148,11.73,362,19.44,70,15.67,122
2023,"Mercer",77.54,101,0.79,91,0.16,148,0.93,70,1.24,57,-0.83,273,0.47,106,1.78,231,37.44,32,29.59,8,18.38,219,16.53,282,16.16,323,19.28,227,38.85,131,19.12,304,11.93,287,18.19,38,11.85,52,28.86,90,23.91,151,14.93,325,16.6,174,15.64,125
2023,"Merrimack",76.18,319,-1.68,337,-1.25,332,-0.14,210,-0.26,235,-1.21,300,-1.46,340,1.69,254,29.55,211,29.36,11,22.18,77,16.45,288,14.01,352,17.93,273,52.61,10,8.99,362,18.55,132,8.66,233,11.12,64,29.47,73,19.02,319,21.94,71,18.35,98,11.15,324
2023,"Miami FL",76.79,224,-1.49,327,0.05,178,0.14,150,0.24,152,-0.42,229,-0.72,277,1.61,275,23.9,328,18.78,215,22.18,78,17.7,249,21.55,116,19.74,210,42.09,78,29.44,127,7.87,344,12.49,131,8.04,172,29.82,63,22.53,206,18.79,189,16.34,192,12.46,265
2023,"Miami OH",76.27,316,-1.31,316,-0.14,202,0.2,140,1.49,41,-4.33,359,-0.72,278,1.55,289,29.9,203,23.62,56,14.76,328,15.38,310,20.23,162,25.96,54,42.71,67,15.29,341,10.85,301,19.27,28,11.81,53,28.35,103,18.59,326,13.74,346,23.97,5,15.28,139
2023,"Michigan",78.46,24,3.2,5,1.32,33,1.97,8,1.49,40,-1.08,293,2.26,9,1.12,347,25.49,301,28.29,17,20.58,121,15.02,326,20.24,161,15.87,321,42.67,69,17.27,322,17.43,156,17.02,56,5.61,290,31.4,44,14.8,359,20.12,130,18.96,85,14.71,158
2023,"Michigan St.",77.74,72,0.04,164,1.86,15,0.54,107,0.63,112,0.24,164,0.95,66,1.99,156,27.68,252,14.48,344,23.1,54,18.08,235,22.05,104,22.23,132,44.53,46,23.72,234,21.5,81,5.58,333,4.6,329,28.22,109,25.47,104,16.88,265,18.19,102,11.18,322
2023,"Middle Tennessee",77.69,77,-0.84,267,-0.04,189,0.94,58,1.67,28,1.31,60,-0.44,231,1.76,238,30.59,187,20.71,145,16.41,293,18.37,219,23.02,74,21.45,154,20.09,357,18.83,308,26.89,23,17.15,50,16.96,11,24.95,210,17.22,346,19.13,172,20.34,42,18.31,45
2023,"Milwaukee",77.13,169,-0.18,184,0.01,182,0.6,100,0.29,146,-0.49,239,-0.08,189,1.32,330,34.41,83,17.92,245,17.56,254,28,3,17.69,261,18.82,244,37.23,177,17.41,319,13.89,238,13.38,107,18.07,7,23.32,276,22.5,209,19.95,139,19.85,55,14.36,175
2023,"Minnesota",78.65,18,1.6,38,0.79,83,1.94,9,1.53,37,1.96,31,1.19,45,1.13,346,31.53,162,26.41,24,19.66,167,21.94,91,17.9,250,14.04,355,32.6,260,24.99,217,14.8,213,18.38,35,9.15,125,27.66,120,19.58,309,15.6,303,21.73,24,15.37,130
2023,"Mississippi",77.68,81,-0.43,219,0.38,122,0.45,116,0.76,82,1.8,38,-0.02,174,1.95,171,37.28,36,17.41,262,19.85,159,17.33,265,21.05,135,24.3,85,29.19,315,32.39,79,25.71,35,6.09,320,6.55,253,24,254,24.98,121,22.07,66,14.82,264,14.07,190
2023,"Mississippi St.",77.89,62,1.74,31,0.83,79,1.76,16,-0.75,277,0.47,141,1.29,41,2.52,28,30.56,189,29.07,13,18.35,222,17.16,272,14.28,349,21.13,166,39.15,125,25.41,207,13.43,251,15.05,83,6.92,232,30.49,54,20.05,301,27.35,10,9.16,362,12.9,251
2023,"Mississippi Valley St.",76.58,261,-1.14,296,-0.35,233,0.26,131,-0.36,244,-0.91,278,-0.75,281,2.14,110,35.45,66,17.08,276,20.66,119,17.73,247,25.17,30,19.32,226,27.39,326,19.17,303,34.74,3,9.45,208,9.19,123,21.04,321,20.78,281,21.57,86,21.19,31,15.37,131
2023,"Missouri",76.42,284,-0.83,265,-0.75,278,-0.43,245,0.41,134,-1.69,321,-0.79,287,2.79,2,32.25,136,20.77,140,21.98,80,21.07,116,22.2,99,13.99,356,35.8,203,30.94,105,14.47,223,11.62,151,7.17,207,29.49,71,23,181,18.8,188,19.07,80,9.64,352
2023,"Missouri St.",77.01,194,-1.26,305,0.59,99,0.9,73,-0.5,255,-0.09,202,-0.33,221,1.86,206,37.27,37,20.31,162,19.47,176,22.96,64,17.22,283,20.04,201,40.34,105,20.76,283,18.34,135,10.98,169,9.58,111,28.66,96,20.05,303,23.73,35,15.18,244,12.39,267
2023,"Monmouth",77.5,109,0.51,118,-0.22,214,0.4,119,1.35,52,0.06,189,0.14,151,1.38,323,35.46,65,20.44,155,24.9,27,19.07,194,19.72,179,15.81,324,31.23,288,31.3,100,12.06,285,17.1,53,8.24,160,26.05,177,23.83,154,18.54,203,17.07,151,14.44,170
2023,"Montana",77.55,99,0.61,108,1.85,16,-0.47,249,-0.24,207,0.59,129,1.23,43,2.24,91,23.54,332,23.08,66,19.34,180,12.69,357,22.37,90,22.49,124,40.45,104,35.5,43,8.02,343,5.67,331,10.32,84,33.96,15,25.3,111,14.6,333,13.9,291,12.21,279
2023,"Montana St.",77.31,141,-0.63,238,0.76,86,0.25,132,0.74,106,0.04,190,0.06,163,1.94,173,32.76,122,28.28,18,13.83,350,19.32,185,24.31,46,14.26,350,44.83,42,12.73,351,17.52,154,8.79,229,16.13,14,29.05,84,13.87,363,17.98,222,15.92,214,23.18,3
2023,"Morehead St.",76.42,286,0.39,129,-1.88,347,-0.73,275,-0.24,207,-0.87,276,-0.75,282,2.37,62,25.06,304,22.91,71,16.48,289,14.77,331,18.74,217,27.03,37,54.17,7,17.34,320,14.11,231,8.99,224,5.28,301,27.14,139,21.08,265,16.78,275,20.07,47,14.86,151
2023,"Morgan St.",76.04,326,-0.07,177,-0.02,186,-0.34,233,-2.42,355,-2.37,338,-0.04,182,2.15,107,37.35,35,15.95,311,14.87,326,25.21,25,27.68,10,16.22,315,26.17,334,24.46,227,27.52,20,9.32,211,12.5,43,19.42,348,27.48,52,30.28,3,9.66,359,13.1,238
2023,"Mount St. Mary's",76.69,247,-0.4,217,-0.61,267,0.1,153,0.83,71,-1.9,328,-0.5,241,2.31,71,32.77,120,22.39,94,12.43,357,18.23,225,19.82,175,27.13,36,41.42,89,37.31,23,10.84,302,3.74,358,6.69,241,30.7,50,21.2,260,14.86,327,18.16,105,15.07,146
2023,"Murray St.",76.87,214,-1.6,331,-0.05,190,-0.81,286,0.25,151,1.16,75,-0.82,293,1.49,304,25.3,302,22.46,89,17.76,243,21.18,112,21.73,113,16.8,301,16.96,362,45.06,3,18.06,143,12.1,138,7.74,184,21.66,310,24.34,136,21.28,94,14.52,274,18.13,50
2023,"N.C. State",77.04,191,0.38,130,1.29,37,-1.22,326,-0.59,259,-0.08,201,0.84,77,2.25,83,26.86,271,18.66,221,16.72,280,25.77,17,16.96,293,21.89,145,33.57,241,30.95,104,9.27,331,17.63,41,8.57,144,22.74,288,27.69,46,14.31,339,17.13,147,18.14,49
2023,"NJIT",77.08,183,0.1,154,-0.15,208,-0.73,276,0.38,137,0.37,151,-0.03,175,2.6,20,34.28,86,17.92,246,23.24,51,25.66,18,15.23,334,17.9,274,29.91,304,38.58,17,7.81,346,16.67,58,6.99,223,21.06,320,35.99,1,14.26,340,13.3,305,15.33,133
2023,"Navy",75.63,348,-1.62,332,-1.24,331,-1.24,328,-1.78,334,-1.38,310,-1.43,335,2.43,47,32.14,142,25,38,21.63,91,18,238,20.29,158,15.05,339,38.64,140,19.05,307,21.99,75,12.02,143,8.26,157,27.48,125,23.39,168,20.13,129,17.49,134,11.46,317
2023,"Nebraska",77.65,85,0.39,128,0.23,137,0.56,105,0.83,72,0.85,105,0.31,131,1.79,227,35.58,61,20.89,138,20.61,120,15.76,304,16.55,312,26.2,49,41.65,85,11.27,357,26.11,33,11.06,166,9.92,98,28.19,110,25.45,105,16.9,264,17.61,127,11.84,302
2023,"Nebraska Omaha",77.61,90,-0.26,192,0.19,143,1.18,50,0.45,124,1.09,79,-0.03,179,0.92,356,36.51,50,18.85,212,21.24,105,23.3,56,16.9,294,19.65,218,27.61,324,28.61,141,13.28,256,24.18,5,6.24,271,22.61,290,21.41,252,25.4,20,14.58,272,15.92,109
2023,"Nevada",78.65,17,1.64,35,0.05,157,0.94,58,2.35,10,2.87,9,0.85,76,1.72,249,22.65,338,26.99,22,11.3,361,14.78,330,22.21,98,24.7,76,37.77,167,20.27,292,25.14,40,10.25,183,6.52,255,26.69,157,14.22,360,28.86,7,16.46,182,13.73,206
2023,"New Hampshire",76.65,253,-0.5,226,-0.95,298,-0.61,264,0.38,140,-0.49,240,-0.72,276,1.98,163,26.34,283,15.4,324,19.96,153,24.01,41,19.13,198,21.5,151,25.78,337,25.83,197,24.94,42,18.34,36,5.11,311,19.66,341,29.49,24,21.99,69,17.13,146,11.73,308
2023,"New Mexico",76.42,285,-0.9,273,0.59,98,-1.33,335,-1.24,311,-0.44,234,-0.15,196,2.36,63,20.99,348,22.26,97,12.37,358,15.19,321,23.16,69,27.02,38,42.25,75,36.13,34,8.42,340,6.24,317,6.92,231,32.36,33,21.27,258,15.71,302,13.93,288,16.72,83
2023,"New Mexico St.",78.14,39,-0.43,220,1,65,1.6,22,1.63,33,1.46,51,0.28,137,1.97,164,31.84,152,19.8,183,15.92,304,20.44,141,20.34,156,23.49,104,34.03,233,26.06,190,14.07,233,20.59,19,5.17,308,24.47,236,18.07,336,25.66,19,19.74,61,12.05,289
2023,"New Orleans",76.4,292,0.13,148,0.18,145,-0.83,290,-1.42,323,-1.49,311,0.16,148,1.64,269,38.58,14,20.55,153,20.53,124,19.85,164,17.31,279,21.71,147,33.45,243,25.02,216,28.39,17,11.26,160,1.79,363,25.22,201,22.05,224,25.25,23,16.7,170,10.7,335
2023,"Niagara",76.97,197,-1.16,297,-0.24,217,-0.54,256,-0.24,207,1.61,46,-0.7,271,2.13,113,28.36,239,18.9,210,19.51,173,13.99,344,22.22,97,25.37,62,41.84,80,21.61,267,19.47,122,8.11,256,8.92,131,27.91,114,19.26,314,14.57,334,16.39,188,21.84,9
2023,"Nicholls St.",76.55,269,-1.79,342,-0.45,249,-0.54,257,0.42,132,-0.32,220,-1.12,320,2.56,25,36.61,47,14.21,350,21.37,98,21.71,100,24,55,18.68,250,30.07,302,28.69,138,12.06,284,19.23,29,9.92,100,24.86,221,23,183,16.86,267,22.89,11,12.34,271
2023,"Norfolk St.",77.23,154,-0.64,243,-0.15,206,0.62,97,0.62,113,0.28,159,-0.4,228,2.26,80,34.12,91,21.44,120,17.85,240,14.36,336,18.33,234,28,23,32.91,251,19.82,298,18.77,128,22.16,13,6.31,263,23.84,260,21.01,268,17.28,252,18.26,100,19.6,22
2023,"North Alabama",76.35,303,0.07,159,-0.19,213,-0.84,292,-1.8,335,-0.91,278,-0.06,184,1.16,343,30.72,182,14.06,351,15.19,324,20.12,152,22.39,88,28.17,19,41.56,86,24.32,228,19.28,123,7.66,278,7.1,213,28.88,89,22.7,197,16.32,287,12.94,319,19.08,32
2023,"North Carolina",78.47,23,1.74,31,2.96,2,2.21,4,0.61,115,-0.6,251,2.35,7,2.27,79,18.26,360,20.72,143,19.22,187,14.61,333,22.52,83,22.94,113,28.93,317,38.94,14,21.27,86,3.92,356,6.94,229,26.58,161,26.58,69,14.53,335,13.76,294,18.55,42
2023,"North Carolina A&T",77.09,179,-0.76,256,-0.52,258,0.44,117,0.38,138,0.5,137,-0.64,260,1.84,215,29.08,225,16.71,294,16.76,274,22.66,73,18.88,209,24.92,69,32.73,255,25.8,198,13.87,240,12.06,141,15.46,21,29.49,70,18.71,323,21.64,81,15.99,210,14.07,191
2023,"North Carolina Central",76.74,231,1.84,27,0.14,151,-1.87,354,-1.24,311,-0.59,249,0.99,60,2.61,19,29.93,201,21.59,115,20.5,126,14.85,327,17.72,260,25.27,64,38.73,135,17.04,325,16.04,189,13,117,15.1,24,22.9,284,22.34,215,13.75,345,22.86,12,18.08,52
2023,"North Dakota",77.99,54,-0.26,192,1.03,64,0.21,139,0.76,82,2.81,10,0.39,118,1.44,312,31.23,172,20.68,147,20.48,128,20.63,132,20.19,165,18.03,271,34.39,223,18.09,314,18.1,141,15.4,77,14.02,30,25.43,195,16.43,352,20.23,126,20.04,48,17.86,57
2023,"North Dakota St.",77.52,105,1.47,46,1.51,25,-0.35,234,0.08,176,-0.51,242,1.49,34,0.99,353,35.22,71,30.79,5,14.65,332,23.2,57,16.61,307,14.72,346,39.42,118,37.22,24,10.71,305,7.18,293,5.44,297,32.9,28,18.34,332,21.14,96,15.6,227,11.99,294
2023,"North Florida",77.16,163,0.1,153,0.05,157,-0.19,213,0.04,178,0.38,149,0.08,159,1.78,232,27.77,249,21.53,117,20.92,113,17.58,253,17.96,249,22,141,39.42,117,31.72,93,15.76,191,9.53,207,3.57,346,25.95,181,26.4,75,19.16,168,16.38,189,12.11,286
2023,"North Texas",76.72,240,-0.2,186,-0.36,234,-0.09,200,0.1,170,-1.29,305,-0.28,212,2.25,84,29.22,223,22.1,103,15.4,315,13.48,350,18.63,219,30.36,4,41.3,90,28.3,144,11.75,292,11.49,153,7.12,212,27.23,137,23.72,159,17.57,240,15.68,223,15.77,115
2023,"Northeastern",78.01,53,-1.29,314,0.05,157,1.69,18,2.29,11,1.9,34,-0.62,255,1.35,327,43.99,5,18.56,225,22.52,71,27.97,4,14.68,342,16.27,311,31.45,284,21.29,271,14.3,227,21.08,18,11.89,49,28.66,95,17.54,343,16.73,278,19.76,58,17.31,66
2023,"Northern Arizona",76.7,246,-1.26,305,0.17,147,0.52,113,0.89,68,-2.26,335,-0.54,245,1.67,258,27.92,246,15.96,310,18.77,207,14.28,337,24.11,54,26.87,39,20.26,356,42.68,5,10.01,317,19.93,25,7.1,214,26.11,173,26.04,85,16.56,283,17.02,153,14.24,182
2023,"Northern Colorado",77.83,66,0.98,81,0.18,146,0.5,114,0.76,81,1.32,58,0.58,96,2.15,108,26.75,275,13.75,353,19.29,184,24.09,39,23.19,68,19.68,215,49.63,20,20.82,279,15.64,195,9.96,195,3.95,341,24.61,228,24.19,141,25.4,21,12.88,325,12.92,250
2023,"Northern Illinois",76.43,283,-0.21,188,0.15,149,0.18,145,-1.67,329,-1.72,323,-0.03,178,1.89,195,29.78,206,15.01,333,20,151,20.85,122,21.24,128,22.86,114,44.17,52,21.15,275,15.38,197,13.56,103,5.7,287,25.46,194,26.08,82,19.26,161,16.08,205,13.05,241
2023,"Northern Iowa",76.46,282,-1.8,343,-0.95,298,0.59,102,0.37,141,-1.31,307,-1.37,333,0.64,363,23.68,331,16.99,280,20.27,135,20.7,130,13.84,355,28.16,20,25.83,336,29.19,129,30.71,11,9.8,198,4.43,334,23.64,269,22.83,190,25.35,22,15.88,215,12.24,274
2023,"Northern Kentucky",76.51,277,-0.49,225,-1.14,319,-0.65,269,-1,294,0.41,145,-0.81,292,1.99,154,26.08,287,13.42,355,19.63,168,20.94,119,24.56,43,21.43,156,50.91,16,23.78,233,10.25,311,7.13,295,7.89,175,38.36,2,21.95,230,17.58,239,10.14,356,11.93,298
2023,"Northwestern",77.68,80,1.32,60,0.89,74,-0.41,243,-0.06,191,1.22,69,1.11,52,2.33,68,26.09,286,14.31,348,17.42,259,22.47,79,17.74,258,28.01,22,40.75,99,24.77,222,14.16,230,12.2,136,8.05,171,22.2,300,21.68,238,17.76,235,22.73,14,15.57,127
2023,"Northwestern St.",76.31,308,-1.18,300,-2.03,355,-1.24,329,-0.52,257,1.09,79,-1.6,346,1.55,288,23.7,330,15.83,314,13.85,349,25.39,23,27.75,9,17.18,290,33.71,239,36.08,35,8.85,336,10.19,184,11.14,63,24.43,237,22.82,191,15.93,295,19.18,75,17.61,63
2023,"Notre Dame",78.13,41,0.57,113,-0.25,219,0.19,142,1.63,35,3.09,5,0.16,147,2.34,66,19.46,352,21.96,108,18.97,195,16.31,293,20.88,140,21.89,144,23.09,348,38.65,16,10.21,313,14.81,85,13.24,35,31.14,47,22.39,214,16.19,290,16.5,180,13.78,203
2023,"Oakland",75.57,351,-1.81,344,-2.04,356,-1.34,336,-0.76,278,-1.62,315,-1.93,356,1.98,161,18.64,357,19.83,182,18.1,233,17.87,242,16.69,302,27.47,30,32.45,269,25.32,208,23.14,61,10.66,175,8.38,152,23.79,265,22.07,223,23.58,37,13.89,292,16.62,93
2023,"Ohio",76.11,323,-0.29,207,-0.31,227,-1.69,349,-1.91,338,-0.66,257,-0.3,216,1.96,168,37.27,38,17.85,251,22.96,57,21.8,96,15.85,327,21.48,152,32.17,274,35.64,39,13.69,247,7.84,269,10.56,76,26.52,163,28.81,30,14.63,331,14.05,283,15.92,108
2023,"Ohio St.",77.43,118,-0.26,204,-0.95,298,0.53,109,0.85,69,1.56,48,-0.6,253,1.59,280,33.27,112,18.28,234,28.89,4,17.25,268,16.51,313,19.04,237,42.53,71,22.78,253,23.13,62,7.17,294,4.34,337,26.74,155,25.65,99,21.53,88,13.15,310,12.9,252
2023,"Oklahoma",77.51,108,0.7,100,0.45,109,-0.19,215,0.1,171,1.09,79,0.58,97,2.03,146,29.44,214,23.27,62,18.51,217,18.87,200,13.63,356,25.68,56,46.18,31,20.59,287,23.09,63,4.94,347,5.12,310,33.18,25,20.18,298,20.47,116,14.38,278,11.75,307
2023,"Oklahoma St.",77.71,76,1.75,30,1.42,29,-0.09,199,-0.3,236,0.34,156,1.58,29,2.41,52,35.79,59,16.87,287,25.11,20,20.2,148,20.82,141,16.96,296,37.43,172,36.23,33,13.12,262,6.78,306,6.36,260,32.87,30,20.35,292,15.41,316,18.48,94,12.84,255
2023,"Old Dominion",77.07,187,-1.03,287,0.05,157,0.14,149,0.99,65,-0.23,213,-0.49,237,1.7,252,33.46,108,20.36,160,19.15,191,22,87,24.5,44,13.98,357,37.65,171,31.75,92,12.88,268,11.72,150,5.96,279,21.63,313,31.17,10,19.02,177,14.86,259,13.31,228
2023,"Oral Roberts",77.22,155,4.45,3,-0.86,289,-0.08,191,-2,341,-0.85,275,1.79,15,2.68,12,22.36,341,23.19,64,17.33,262,13.83,347,17.06,288,28.55,15,33.77,237,23.19,248,31.47,7,4.38,352,7.15,208,27.28,134,25.28,113,19.93,141,12.92,322,14.55,167
2023,"Oregon",79.01,5,2.5,11,2.26,7,1.25,43,1.66,29,1.94,32,2.38,6,2.35,65,35.5,64,24.3,48,21.27,104,15.46,306,19.26,194,19.68,216,30.65,295,31.52,97,20.72,93,8.86,227,8.21,161,32.98,27,25,120,15.29,320,13.97,286,12.71,256
2023,"Oregon St.",78.18,36,-0.1,180,1.75,19,1.16,51,1.43,46,1.24,67,0.83,78,0.98,355,33.53,105,18.15,241,19.88,157,22.02,86,17.53,268,22.39,127,29.28,312,39.52,12,18.22,139,5.64,332,7.25,204,29.25,77,26.4,74,18.7,193,14.16,280,11.44,319
2023,"Pacific",76.95,201,-1.05,289,-0.33,230,-0.06,172,0.09,173,0.7,115,-0.69,269,1.66,265,42.99,6,22.26,96,18.65,212,16.79,279,21.79,111,20.49,185,40.54,103,15.92,337,16.27,183,17.05,55,10.16,91,27.03,142,20.38,290,16.64,280,17.52,131,18.38,44
2023,"Penn",77.12,172,-0.45,221,-0.82,284,0.45,115,0.26,149,0.75,112,-0.63,259,2.09,124,31.62,159,16.07,307,11.35,360,17.54,254,25.82,25,29.21,10,35.98,198,23.45,239,16.06,187,13.68,100,10.77,73,26.78,153,26.58,68,16.06,292,17.51,133,13.02,243
2023,"Penn St.",76.67,250,-1.36,318,-1.31,334,-0.56,260,0.7,108,0.5,138,-1.34,330,2.47,40,24.53,315,15.67,319,23.26,50,17.34,264,25.85,24,17.83,277,44.24,50,16.14,334,7.5,349,22.18,11,9.87,102,23.02,282,22.5,208,13.33,353,27.03,2,14.07,192
2023,"Pepperdine",78.72,14,1.46,49,1.99,13,1.39,37,1.76,20,1.61,45,1.72,19,0.84,358,24.44,318,20.34,161,20.71,117,23.09,60,17.45,273,18.35,262,39.07,127,33.13,62,14.09,232,2.41,362,11.21,60,28.04,113,20.09,299,20.65,110,15.84,217,15.31,135
2023,"Pittsburgh",77.39,129,2.02,20,0.44,112,-0.77,279,0.21,157,-0.34,223,1.23,42,2.25,85,25.8,295,15.61,322,22.73,62,21.96,90,21.3,123,18.4,259,46.06,35,23.33,244,14.59,216,11.45,155,4.57,333,23.17,278,22.59,203,22.53,57,18.72,89,12.99,247
2023,"Portland",77.64,89,-0.48,224,0.81,81,1.13,52,0.79,75,0.52,133,0.16,145,1.56,286,34.23,88,23.31,61,24.38,36,24.2,37,9.79,363,18.26,266,39.7,112,19.77,299,15.23,203,22.17,12,3.05,354,24.48,235,26.43,73,23.19,44,13.63,296,12.22,277
2023,"Portland St.",76.39,294,-1.66,334,-1.31,335,-1.06,307,-0.01,184,0.58,130,-1.49,342,2.23,93,31.71,156,17.56,259,19.15,192,20.31,145,23.36,64,19.56,220,37.97,160,19.1,306,26.17,31,12.06,140,4.61,328,20.72,328,25.94,92,18.63,197,19.98,51,14.67,159
2023,"Prairie View A&M",76.58,264,-1.78,340,-0.9,292,-0.06,172,-0.21,205,0.4,146,-1.34,331,2.78,3,44.95,2,16.99,281,18.18,227,29.7,1,19.72,178,15.36,335,32.16,275,26.58,184,15.21,204,21.31,17,4.67,325,23.25,277,23.8,156,19.86,143,21.58,27,11.45,318
2023,"Presbyterian",76.75,229,-0.87,271,-0.58,262,-1.06,307,0.76,82,0.08,185,-0.73,279,1.68,257,30.11,196,20.12,173,20.14,140,21.73,98,17.6,265,20.39,187,21.01,354,35.78,37,16.2,186,19.22,30,7.77,181,24.59,231,27.6,50,13.58,349,21.12,33,13.09,239
2023,"Princeton",77.42,119,-0.81,263,-0.12,201,0.15,148,0.76,82,1.7,40,-0.46,234,1.8,226,24.06,324,25.33,33,18.5,218,16.88,278,19.12,199,20.14,195,36.64,187,24.79,220,23.37,57,7.46,283,7.66,188,22.91,283,22.1,221,21.28,93,16.76,167,16.9,76
2023,"Providence",76.5,279,0.09,156,0.21,139,-1.8,352,-0.24,207,-1.16,296,0.15,149,1.89,193,27.41,260,21.2,134,23.9,41,16.21,296,21.19,131,17.47,286,50.24,17,23.46,238,6.63,355,11.78,149,7.83,176,23.15,279,30.95,12,16.06,291,16.65,172,13.15,235
2023,"Purdue",78.56,21,5.46,1,1.4,30,0.8,79,0.44,126,-0.68,259,3.43,1,1.26,333,31.71,155,33.49,2,14.15,344,16.28,294,19.45,189,16.64,304,56.31,4,19.74,300,14.46,224,1.93,363,7.56,191,34.16,13,17.06,348,20.49,114,11.48,347,16.8,80
2023,"Purdue Fort Wayne",75.84,339,-0.53,231,0.19,142,-0.31,229,-0.67,268,-4.91,363,-0.17,198,2.72,8,24.77,310,14.73,341,19.28,185,28.09,2,19.69,180,18.14,269,62.9,1,8.96,363,7.25,352,15.61,74,5.19,306,25.73,186,23.66,162,23.26,42,17.71,126,9.56,353
2023,"Queens",75.79,341,-1.4,322,-1.81,345,-1.28,331,-1.24,311,-0.71,264,-1.61,347,1.85,212,24.69,311,17.12,273,17.32,263,15.41,309,24.18,52,25.96,53,27.82,321,29.13,131,12.3,277,17.51,44,13.24,36,33.54,20,30.38,17,11.24,363,10.49,355,14.32,177
2023,"Quinnipiac",76.07,324,-1.68,336,-0.53,259,-0.83,289,-0.24,207,-1.8,325,-1.1,318,2.38,59,34.57,80,17.57,258,18.7,210,20.15,151,21.44,119,22.08,137,39.84,109,31.03,103,13.56,249,8.51,239,6.97,226,24.77,223,19.15,316,18.61,199,18.63,91,18.78,36
2023,"Radford",76.06,325,-0.27,205,-0.14,205,-1.51,340,-2.21,348,-1,288,-0.21,204,2.06,132,37.52,30,15.33,327,19.86,158,18.66,211,22.15,101,24,93,28.15,319,51.54,2,6.88,354,6.95,301,6.48,258,26.84,149,30.26,19,15.41,315,15.45,230,12.04,291
2023,"Rhode Island",76.82,222,0.1,155,-0.54,261,-1.06,318,-0.34,238,0.53,132,-0.22,206,1.18,340,34.09,92,15.07,330,15.37,318,18.62,213,28.85,3,22.06,139,29.05,316,27.15,170,16.27,182,19.29,27,8.19,162,21.76,309,21.48,246,21.61,83,20.56,41,14.55,165
2023,"Rice",77.04,190,1.23,65,-1.18,324,-0.52,254,-0.03,188,0.31,157,0.02,168,1.47,308,16.33,362,18.27,235,14.12,345,15.77,303,26.9,15,24.93,68,55.59,5,24.47,226,9.98,318,5.09,342,4.87,321,25.69,187,23.31,170,16.56,284,23.88,6,10.57,341
2023,"Richmond",77.93,58,1.45,50,0.42,116,1.18,49,1.76,20,-0.56,248,0.93,67,2.25,82,30.08,197,21.82,113,23.54,45,24.33,36,15.45,331,14.84,344,29.77,309,24.79,221,22.86,65,13.13,113,9.42,113,21.41,316,30.97,11,22.54,55,12.36,334,12.7,258
2023,"Rider",76.38,296,-0.58,232,-0.06,192,-0.92,298,-1.24,311,-0.7,262,-0.32,219,2.77,4,29.98,198,20.61,148,22.68,67,16.46,287,16.63,305,23.57,101,41.03,93,32.94,64,14.02,234,5.26,338,6.67,243,28.25,107,25.26,114,19.45,159,7.76,363,19.21,28
2023,"Robert Morris",76.14,321,-2.04,352,-0.85,287,-1.07,320,-0.24,207,-0.52,244,-1.45,338,1.86,204,23.76,329,22.4,93,19.78,163,15.22,319,22.87,76,19.73,212,46.16,32,29.87,120,13.99,235,6.66,309,3.32,350,29.15,81,25.69,97,17.98,221,16.29,194,10.89,330
2023,"Rutgers",78.69,16,1.39,56,0.33,128,1.94,9,2.01,15,2.38,19,0.86,75,2.15,109,29.57,210,23.61,57,17.05,267,15.34,312,23.02,73,20.97,171,37.94,163,21.72,265,14.57,219,16.34,60,9.41,115,32.14,34,21.43,250,15.57,305,18.13,109,12.71,257
2023,"SIU Edwardsville",76.58,263,-0.53,230,0.39,121,0.61,99,-2.24,349,-0.74,265,-0.07,187,1.46,309,27.98,244,16.55,299,18.37,220,17.42,257,22.72,78,24.91,70,31.98,279,27.54,163,15.02,209,8.02,260,17.41,10,26.94,145,21.15,263,13.63,348,16.82,163,21.43,11
2023,"SMU",77.96,57,-0.9,276,1.05,51,0.84,77,0.8,73,2.6,15,0.07,160,2.03,144,27.64,253,17.1,275,21.53,94,27.49,5,14.82,339,19.03,238,24.98,341,41.41,7,22.4,70,5.9,325,5.24,304,24.71,225,30.34,18,19.61,152,10.54,354,14.75,155
2023,"Sacramento St.",78.2,35,2.62,9,1.31,35,-0.61,265,0.18,161,2.09,23,1.97,12,2.18,102,27.45,259,22.62,79,21.37,99,17.72,248,21.98,106,16.25,312,34.07,232,27.16,169,17.77,150,7.82,271,13.1,39,31.23,46,23.09,177,17.73,236,13.51,298,14.37,173
2023,"Sacred Heart",75.83,340,-2.28,356,-0.95,298,0.1,152,-2.08,344,-1.06,292,-1.61,348,2.18,101,27.71,250,15.56,323,21.84,85,25.07,28,17.43,275,20.06,199,29.86,307,31.75,91,25.88,34,10.04,190,2.39,362,21.63,314,35.38,3,18.76,190,15.73,221,8.46,361
2023,"Saint Joseph's",77.15,167,0.76,92,0.39,120,-0.69,271,-1.24,311,1.09,79,0.58,98,1.41,320,26.72,276,16.96,283,14.03,346,20.01,157,19.32,192,29.68,9,39.38,119,20.73,285,17.93,144,13.34,108,8.6,142,24.6,230,22.47,211,20.89,104,18.56,93,13.47,219
2023,"Saint Louis",76.67,251,-0.39,216,-1.42,338,-0.12,208,0.37,143,-0.5,241,-0.91,305,2.11,117,32.16,140,18.6,224,24.61,33,21.37,110,17.05,289,18.33,264,51.25,13,15.81,338,7.5,350,19.99,23,5.41,298,33.91,17,16.36,354,14.66,330,20.66,38,14.36,174
2023,"Saint Mary's",78.12,42,1.15,69,1.04,60,1.67,19,0.12,166,1.22,70,1.1,53,1.94,177,18.6,358,21.25,133,10.01,362,20.51,138,24.11,53,24.08,92,44.92,41,26.87,175,17.17,163,4.04,354,6.95,227,24.9,219,24.32,138,18.47,206,11.22,348,21.06,12
2023,"Saint Peter's",75.99,330,-0.32,209,-1.37,336,-1.68,348,-1.06,303,-1.03,290,-0.85,301,1.71,251,39.77,10,12.03,360,21.87,84,20.56,136,17.52,269,27.99,24,32.64,258,24.75,223,13.46,250,12.5,130,16.6,13,23.98,255,24.02,147,21.53,87,17,154,13.41,226
2023,"Sam Houston St.",76.04,327,-0.76,257,-0.84,286,-1.77,350,-1.24,311,-0.63,254,-0.8,288,2.11,116,38.34,19,17.75,255,19.5,174,17.1,275,19.24,196,26.41,43,33.25,248,29.61,125,19.57,119,8.84,228,8.73,135,19.3,351,18.28,334,22.78,52,20.91,35,18.72,39
2023,"Samford",76.59,260,-0.28,206,-0.45,251,0.09,155,-0.14,200,-1.69,322,-0.37,225,2.09,123,36.65,46,26.02,28,19.12,193,18.16,228,17.32,278,19.38,224,37.42,173,23.43,243,16.43,181,11.91,145,10.82,70,23.33,274,25.57,102,20.28,125,16.96,155,13.86,199
2023,"San Diego",76.91,206,0.05,162,0.05,157,-0.23,222,-0.51,256,-0.24,214,0.05,164,2.16,106,32.9,119,15.39,325,27.01,10,23.78,46,17.16,286,16.57,307,29.54,311,40.7,9,13.2,260,7.78,272,8.68,137,21.65,312,31.9,7,21.06,99,13.19,309,12.11,287
2023,"San Diego St.",76.71,242,0.26,140,0.01,183,-0.06,189,-0.42,249,-1.66,318,0.14,152,2.76,6,37.41,34,20.17,170,18.01,236,23.19,58,18.63,220,19.99,203,44.93,40,27.97,151,15.29,200,6.61,312,5.2,305,30.47,56,22.78,192,20.42,120,12.92,321,13.41,224
2023,"San Francisco",76.51,276,1.57,41,1.05,51,-0.83,291,-2.85,360,-1.81,326,1.31,38,2.06,131,29.84,205,23,68,14.17,343,14.25,339,24.2,51,24.36,83,45.91,36,20.8,282,12.91,267,13.98,95,6.34,262,25.89,183,20.85,276,19.26,162,19.86,54,14.11,189
2023,"San Jose St.",78.58,20,1.12,72,1.05,51,2.14,6,2.66,5,0.49,139,1.09,54,1.87,197,23.92,327,19.31,194,19.31,182,16.38,292,27.22,13,17.76,279,27.53,325,43.13,4,14.78,214,9.15,217,5.35,300,24.08,251,28.84,29,18.08,216,16.9,157,12.05,290
2023,"Santa Clara",78.29,30,1.22,66,2.06,10,1.67,20,1.31,54,-0.23,212,1.64,26,1.72,247,23.36,335,15.63,321,15.54,311,18.96,198,28.65,4,21.16,164,36.08,197,30.26,112,9.44,330,19.58,26,4.57,332,21.09,319,22.93,186,16.8,272,27.33,1,11.77,306
2023,"Seattle",77.12,174,-0.16,182,-0.94,294,0.22,137,-0.24,207,1.28,64,-0.55,247,1.87,198,31.37,169,15.71,317,13.3,354,23.67,49,26.71,17,20.57,182,30.64,296,34.43,50,13.34,255,11.19,164,10.34,83,24.87,220,20.19,297,20.92,101,16.28,195,17.67,60
2023,"Seton Hall",77.92,59,0.67,103,0.44,114,0.94,58,1.02,64,1.09,79,0.56,100,2.41,53,33.94,98,25.57,31,17.89,238,22.34,82,13.5,357,20.7,178,37.77,168,30.74,107,13.66,248,11.87,147,5.95,280,22.43,294,23.26,172,26.46,13,16.34,191,11.51,316
2023,"Siena",77.32,140,0.12,149,-0.1,200,-0.89,297,0.76,82,1.28,63,0.01,170,1.87,201,31.49,164,20.96,135,14.29,339,23.78,47,17.16,287,23.78,98,34.1,231,23.56,236,12.82,270,21.31,16,8.18,163,19.5,346,29.8,22,17.24,253,21.63,26,11.8,304
2023,"South Alabama",77.08,180,1.84,26,-0.95,298,-0.2,219,-0.93,288,0.23,166,0.45,109,2.52,31,22.61,339,18.3,233,15.26,321,17.83,245,18.47,226,30.08,7,57.53,3,10.85,359,8.87,334,11.24,161,11.45,57,35.19,10,16.87,350,15.79,301,16.82,164,15.27,140
2023,"South Carolina",77.59,92,1.03,78,1.3,36,-0.11,205,-0.79,282,1.09,79,1.17,47,1.61,277,25.5,300,23.88,53,15.4,316,21.46,106,17.35,277,21.92,142,37.22,178,30.06,117,20.46,98,5.22,340,7.05,219,32.89,29,22.77,193,18.08,217,10.05,357,16.22,100
2023,"South Carolina St.",75.34,356,-1.67,335,-1.2,328,-1.31,334,-2.01,342,-2.52,344,-1.44,336,1.48,306,42.48,7,18.27,236,18.95,197,19.22,190,21.17,132,22.39,128,31.22,289,26.35,188,20.5,97,13.31,110,8.57,145,24.65,226,29.21,26,20.38,121,14.04,284,11.7,309
2023,"South Dakota",75.39,355,-2.3,357,-2.95,362,-1.5,339,-0.89,285,-0.81,272,-2.62,362,1.87,203,25.74,298,22.69,77,18.22,225,18.79,206,25.25,26,15.01,343,23.6,345,22.67,256,39.27,1,6.32,316,8.06,169,28.25,106,22.57,204,20.47,117,12.84,327,15.82,113
2023,"South Dakota St.",76.7,245,-0.64,240,0.51,104,-0.87,295,-0.4,248,-0.51,243,-0.07,185,1.5,302,25.04,305,20.2,169,21.91,83,15.3,315,27.56,12,15.03,340,38.66,139,35.62,40,6,359,8.46,243,11.26,59,22.82,287,17.61,340,21.99,70,25.95,3,11.64,312
2023,"South Florida",76.91,208,1.81,28,-0.67,273,-0.02,167,0.76,82,-2.76,346,0.57,99,1.77,235,30.15,195,17.86,250,18.95,196,16.94,276,18.46,227,27.75,27,32.85,252,29.63,124,21.02,88,8.37,247,8.08,168,32.06,35,25.83,93,14.62,332,15.24,242,12.18,281
2023,"Southeast Missouri St.",76.03,329,-0.67,246,-1.19,326,-1.2,325,-0.24,207,-1.97,333,-0.93,307,1.74,244,33.99,94,18.83,213,14.7,330,17.25,266,22.97,75,26.22,47,32.08,276,30.41,110,18.39,133,7.46,284,11.65,55,20.82,326,29.72,23,15.36,318,21.68,25,12.41,266
2023,"Southeastern Louisiana",75.52,353,-0.33,210,-1.91,348,-1.23,327,-1.31,320,-3.04,349,-1.12,321,1.98,160,31.2,173,24.48,44,20.09,144,22.78,70,18.37,231,14.26,351,50.19,18,20.02,296,13.38,253,9.75,200,6.61,247,27.42,127,32.48,6,14.99,324,17.78,122,7.31,363
2023,"Southern",76.41,289,-1.87,347,-0.32,229,-0.59,262,-0.46,253,-0.13,205,-1.1,316,2.58,22,33.67,102,19.06,203,19.99,152,21.48,105,22.26,96,17.15,291,40,108,21.71,266,15.07,208,15.8,71,7.32,200,24.98,208,23.87,153,16.82,269,20.2,46,14.05,194
2023,"Southern Illinois",75.88,338,-1.55,329,-0.83,285,-1.97,357,-1.75,332,0.09,176,-1.19,325,2.52,29,31.8,154,16.93,285,27.39,8,16.47,285,14.19,351,25.01,67,49.41,22,17.29,321,18.56,131,6.08,321,8.59,143,28.83,91,24.84,125,17.44,249,13.21,308,15.66,124
2023,"Southern Indiana",76.73,235,-0.5,227,0.68,92,0.29,129,0.49,121,-2.74,345,0.09,158,2.06,133,26.37,281,20.02,177,18.71,209,19.47,177,17.69,262,24.09,91,53.55,8,11.81,355,13.7,246,16.03,65,4.84,322,37.7,3,21.91,234,15.09,323,14.65,269,10.6,339
2023,"Southern Miss",77.58,94,-0.26,192,1.04,62,1.25,45,1.05,62,-0.59,250,0.39,117,2.41,54,27.63,254,22.1,101,23.29,49,18.94,199,23.21,67,12.45,360,22.41,350,34.06,53,25,41,9.31,212,9.23,119,23.67,268,25.31,110,20.04,133,17.54,130,13.44,221
2023,"Southern Utah",78.12,45,0.97,82,-0.18,211,0.53,111,1.18,60,2.68,13,0.4,115,2.3,73,18.82,356,18.73,217,24.93,25,18.85,203,18.19,241,19.25,228,34.87,216,16.3,331,26.44,26,14.19,92,8.16,166,19.87,339,17.67,339,25.68,18,23.52,8,13.21,233
2023,"St. Bonaventure",76.81,223,0.41,126,0.34,127,-0.63,268,-0.24,207,-1.24,302,0.38,121,0.99,354,21.91,343,22.63,78,13.7,351,18.75,209,23.71,59,21.19,162,35.87,200,32.06,84,16.63,176,8.55,236,6.85,236,24.9,216,22.84,189,20.1,132,15.44,231,16.69,85
2023,"St. Francis NY",76.74,232,-0.9,274,-0.33,231,-1.01,304,0.53,118,-0.02,196,-0.61,254,1.85,210,36.78,43,16.02,309,24.9,26,22.43,80,14.34,348,22.28,131,35.36,209,20.48,290,16.51,178,14.51,89,13.1,40,26.78,152,28.52,34,20.04,134,15.6,228,9.02,357
2023,"St. Francis PA",77.35,137,0.62,107,-0.59,264,-0.07,190,0.76,82,0.63,119,0.01,169,1.49,305,33.94,97,33.47,3,15,325,12.6,358,18.8,211,20.1,198,41.66,84,32.07,83,6.25,356,14.8,86,5.17,307,28.65,97,22.01,228,12.35,360,21.98,22,14.96,147
2023,"St. John's",77.12,175,1.36,58,-0.38,236,0.21,138,-0.38,245,-0.65,256,0.49,105,1.86,208,34.22,89,22.46,88,19.91,154,23.54,51,17.24,282,16.82,300,43.38,60,12.06,353,20.94,89,7.91,267,15.67,19,33.98,14,14.09,361,21.42,90,19.27,73,11.22,321
2023,"St. Thomas",77.32,139,-1.47,325,-0.63,270,0.94,58,1.38,49,0.97,97,-1.05,314,1.65,266,27.59,255,16.26,305,24.5,35,21.6,102,20.58,150,17.05,294,31.9,280,27.66,160,12.06,286,15.83,70,12.5,45,27.4,129,23.7,160,19.14,170,16.72,169,13.02,242
2023,"Stanford",78.94,7,2.07,18,1.12,45,1.94,9,2.42,7,1.76,39,1.59,28,2.01,151,30.45,191,20.12,174,20.47,130,23.93,43,23.1,72,12.38,361,32.46,266,18.14,313,27.62,19,14.7,87,7.08,216,29.92,62,22.04,226,21.93,72,15.35,234,10.77,333
2023,"Stephen F. Austin",75.92,333,-0.93,279,-1.95,351,-0.77,278,-1,293,-1.15,295,-1.44,337,1.82,220,37.88,28,14.85,339,18.52,216,25.19,26,19.88,173,21.51,150,34.61,219,30.89,106,20.15,106,7.47,282,6.83,237,23.82,263,21.27,257,26.65,11,17.23,139,10.98,328
2023,"Stetson",76.89,210,-0.17,183,0.05,157,0.18,144,-0.73,274,-0.31,219,-0.06,183,1.87,202,35.41,67,20.06,176,15.71,306,18.21,227,25.19,29,20.82,174,49.61,21,20.81,280,13.15,261,9.14,219,7.25,203,33.87,18,26.28,76,15.9,296,13.3,307,10.61,337
2023,"Stonehill",77.23,153,-1.26,305,-0.09,199,0.7,85,1.4,48,-0.02,195,-0.67,267,2.71,9,27.35,262,15.18,328,19.78,164,23.98,42,22.53,82,18.49,256,20.08,358,16.22,332,34.97,2,17.58,42,11.09,65,19.63,343,19.67,308,19.13,171,22.33,15,19.21,29
2023,"Stony Brook",77.48,113,2.83,7,1.27,39,-0.98,300,-1.09,306,-0.03,199,2.05,10,2.07,129,25.96,289,21.33,128,22.73,63,24.77,32,12.75,360,18.42,258,34.56,221,22.14,260,24.69,44,10.03,192,8.54,147,16.12,362,30.71,15,19.98,138,13.51,299,19.66,21
2023,"Syracuse",78.05,52,1.73,33,1.57,24,1.41,35,-0.24,207,0.34,155,1.65,25,1.33,329,28.75,231,20.89,137,16.17,296,15.27,316,22.06,102,25.56,58,46.07,34,35.52,42,9.53,327,5.9,326,2.91,356,35.98,7,22.6,200,15.52,308,12.85,326,12.99,246
2023,"TCU",77.54,100,0.04,163,0.05,157,1.2,47,0.79,76,0.21,171,0.05,166,2.24,92,38.16,24,18.12,242,20.91,115,18.86,201,17.76,257,24.32,84,38.45,146,26.62,182,24.09,51,6.98,299,3.8,344,22.57,292,21.56,244,19.87,142,19.59,65,16.39,97
2023,"Tarleton St.",76.71,241,-2.92,361,-0.95,298,0.71,84,1.37,51,-0.09,203,-1.93,357,1.91,186,32.55,128,19.04,205,25.93,14,12.9,355,21.45,118,20.67,180,36.31,193,26.69,180,9.92,319,15.16,81,11.87,51,23.09,281,26.45,72,13.8,344,19.75,59,16.87,78
2023,"Temple",78.21,34,0.55,116,1.05,51,1.47,33,1.76,20,0.81,106,0.8,81,1.15,344,26.15,285,17.49,261,16.73,279,19.3,187,29.06,1,17.39,287,45.19,39,20.21,294,16.47,179,8.17,254,9.92,99,24.93,212,22.3,218,23.11,45,16.35,190,13.3,230
2023,"Tennessee",77.42,122,1.92,24,1.46,27,0.55,106,-0.34,237,-1.93,332,1.69,21,1.93,181,37.91,27,19.3,195,20.92,114,18.85,202,20.63,148,20.27,189,32.6,261,32.86,67,19.57,120,8.3,251,6.63,245,25.59,188,24.11,145,18.48,205,18.42,96,13.36,227
2023,"Tennessee Martin",76.27,314,-0.47,223,-0.51,255,-0.82,287,-0.93,287,-1.32,308,-0.49,236,2.01,150,33.97,95,14.87,337,17.46,257,20.54,137,22.02,105,25.1,65,38.98,128,31.92,88,9.68,324,12.63,128,6.76,238,25.55,189,25.99,86,17.98,224,16.88,159,13.59,212
2023,"Tennessee St.",76.56,266,-0.02,168,-0.14,203,-0.88,296,-0.9,286,-0.69,260,-0.08,188,2.33,67,30.99,178,18.5,229,15.49,312,21.08,114,16.66,303,28.26,18,45.8,37,24.31,229,12.12,281,7.5,281,10.2,86,24.9,218,22.07,222,15.89,298,16.17,198,20.95,14
2023,"Tennessee Tech",76.48,281,-0.8,261,-0.88,291,-0.31,228,-1.14,307,0.09,176,-0.84,298,2.05,138,32.03,149,20.2,168,20.16,138,21.07,115,17.01,291,21.53,148,32.41,270,27.9,154,23.26,58,7.73,275,8.63,141,26.17,170,22.88,187,15.44,313,18.25,101,17.21,69
2023,"Texas",76.51,278,-0.91,277,-0.61,268,-0.15,211,-0.77,279,-0.43,231,-0.76,285,2.26,81,32.63,126,18.51,227,16.16,297,23.06,62,23.13,71,19.1,234,33.37,245,35.84,36,16.83,173,8,263,5.93,281,26.92,146,21.18,261,22.53,58,14.83,261,14.5,168
2023,"Texas A&M",76.68,248,-0.72,252,0.19,144,-0.01,165,-1.08,305,-0.38,225,-0.27,210,2.08,125,30.57,188,21.4,124,13.91,348,18.3,221,17.19,284,29.15,11,27.8,322,36.25,32,12.92,266,13.68,99,9.31,117,22.15,303,22.14,220,22.66,53,17.52,132,15.48,128
2023,"Texas A&M Commerce",77.06,188,-0.26,192,1.37,32,0.24,133,-1.58,327,0.09,176,0.55,101,2,153,37.67,29,18.68,219,19.38,178,25.07,27,16.59,309,20.21,192,23.16,347,27.43,164,24.46,47,10.93,170,13.94,31,18.49,356,18.71,324,25.71,17,19.08,79,17.95,53
2023,"Texas A&M Corpus Chris",75.08,359,-1.66,333,-1.95,351,-1.3,333,-2.65,358,-2.48,342,-1.8,354,2.76,5,32.51,129,14.44,345,20.07,146,25.42,21,21.24,127,18.78,246,32.63,259,37.69,21,6.17,357,15.84,69,7.58,190,24.21,245,31.66,9,13.38,351,17.09,148,13.59,211
2023,"Texas Southern",77.2,157,-0.05,176,0.63,97,-0.06,172,1.19,59,-1.12,294,0.29,135,1.91,184,36.66,45,19.99,178,17.49,256,15.05,325,21.91,107,25.56,59,31.19,290,14.54,344,23.16,60,20.06,22,11.05,66,30.53,53,15.97,355,21.08,98,17.27,138,15.15,143
2023,"Texas St.",75.33,357,-0.86,270,-0.8,282,-2.08,361,-2.04,343,-3.02,348,-0.83,297,2.1,119,39.38,12,22.92,69,18.6,215,17.39,261,16.31,318,24.75,74,34.94,215,32.69,72,17.23,161,10.46,178,4.63,327,26.39,166,25.29,112,18.5,204,16.56,179,13.22,232
2023,"Texas Tech",77.75,71,0.75,93,0.49,106,1.07,54,-0.07,192,1.09,79,0.62,93,1.56,285,35.38,68,21.38,125,21.92,82,16.7,281,16.33,317,23.61,100,37.19,179,32.02,85,23.6,55,4.24,353,2.88,357,27.03,143,23.89,152,20.18,128,14.99,253,13.85,200
2023,"The Citadel",76.52,274,-1.08,291,-1.16,322,-1.06,307,0.02,181,0.46,142,-1.12,322,2.11,115,22.23,342,24.75,42,21.74,90,14.82,329,22.38,89,16.24,313,40.78,98,29.69,123,14.57,218,9.08,222,5.73,286,22.19,301,23.42,167,16.8,273,20.27,44,17.24,67
2023,"Toledo",76.84,220,-1.14,294,0.05,157,-0.45,248,-0.77,281,1.09,79,-0.54,246,1.89,194,21.12,347,19.15,199,23.45,47,15.14,323,16.65,304,25.57,57,32.49,265,19.32,302,22.09,72,15.25,80,10.79,71,22.18,302,24.65,128,15.47,311,19.04,81,18.61,41
2023,"Towson",76.27,315,-2.37,358,-1.95,351,-0.55,259,0.76,82,0.06,188,-2.16,359,2.32,70,27.24,265,20.43,156,19.59,169,19.62,172,24.9,36,15.46,331,39.38,120,26.79,177,22.76,67,7.92,266,3.16,353,24.28,242,25.65,98,21.23,95,17.15,144,11.68,310
2023,"Troy",76.92,205,-0.25,191,-0.06,193,-1,301,-0.24,207,0.71,113,-0.15,195,2.22,95,30.23,193,22.07,104,14.26,341,17.25,267,23.83,58,22.52,123,37.19,180,22.95,250,13.01,265,23.89,6,2.86,358,28.52,98,18.55,327,15.89,297,23.12,9,13.83,201
2023,"Tulane",77.25,150,-1.39,320,-0.95,298,0.91,72,1.76,20,0.51,135,-1.17,324,1.54,294,24.51,316,19.72,185,17.57,253,13.44,351,20.93,137,28.31,17,18.94,361,33.46,59,17.12,165,17.56,43,12.87,41,26.02,179,21.44,249,18.64,195,20.33,43,13.55,215
2023,"Tulsa",76.54,270,-1.04,288,-0.4,242,-1.29,332,-0.44,251,0.43,143,-0.72,275,1.36,326,35.29,69,20.16,172,19.67,166,12.57,359,26.39,20,21.16,163,47.25,27,25.47,205,19.53,121,3.3,361,4.37,336,34.57,11,22.63,199,14.14,341,16.04,207,12.55,263
2023,"UAB",77.07,185,0.99,79,0.76,85,-0.04,169,-0.71,272,-1.05,291,0.87,73,2.38,56,34.74,74,18.9,209,18.9,201,15.93,302,16.26,319,30,8,36.37,191,32.75,71,15.73,193,11.05,167,4.07,340,32.56,32,21,269,16.79,274,16.65,171,12.97,249
2023,"UC Davis",76.53,271,-0.93,278,-2.51,359,-1.06,307,0.1,172,1.65,44,-1.72,351,1.63,272,29.01,228,19.26,196,9.06,363,25.39,22,25.13,32,21.14,165,40.62,102,20.81,281,13.9,237,10.69,174,13.94,32,19.59,344,19.06,318,22.9,48,18.36,97,20.07,18
2023,"UC Irvine",76.73,234,1.61,37,-1.03,312,-0.8,283,-1.03,299,-0.53,246,0.29,136,2.02,147,40.19,8,19.45,190,15.65,308,19.9,161,26.69,18,18.25,268,35.18,212,32.79,69,17.65,152,7.31,287,6.98,224,29.5,69,26.48,71,18.93,181,14.84,260,10.17,346
2023,"UC Riverside",77.85,64,1.06,75,0.45,110,1.48,32,1.27,55,-0.43,233,0.76,83,1.91,187,32.7,124,20.27,165,16.73,278,14.2,340,24.66,42,24.09,90,38.83,132,31.51,98,13.75,243,11.46,154,4.38,335,26.56,162,22.01,229,17.95,227,21.85,23,11.56,313
2023,"UC San Diego",77.41,125,-0.03,173,-0.27,223,0.16,146,0.46,122,1.3,61,-0.15,194,1.62,273,23.46,334,20.42,158,19.53,172,10.17,362,23.53,61,26.3,44,43.22,61,31.76,90,7.42,351,7.82,270,9.69,108,26.64,158,20.58,285,13.26,354,19.35,72,20.11,17
2023,"UC Santa Barbara",77.9,61,0.74,94,1.51,26,-0.31,227,0.73,107,1.4,55,1.13,51,2.29,75,21.86,344,19.4,191,20.42,133,24.71,33,18.97,203,16.49,310,42.2,77,26.64,181,5.87,360,18.16,39,7.07,218,25.87,184,27.67,48,11.97,361,16.57,178,17.89,54
2023,"UCF",78.13,40,1.51,45,1.23,42,0.35,123,1.64,32,0.52,134,1.37,37,1.94,174,30.72,183,15.74,316,22.72,64,22.63,74,22.65,80,16.19,316,38.66,138,26.43,186,12.31,276,13.6,102,8.92,132,22.4,295,25.19,116,20.29,124,16.4,187,15.67,123
2023,"UCLA",76.96,199,0.68,102,-0.29,225,-0.06,172,0.43,129,-1.37,309,0.2,144,1.87,199,28.41,237,13.27,357,27.55,6,22.63,76,15.25,333,21.31,159,36.63,188,28.15,147,20.73,91,8.21,252,6.28,266,21.22,317,28.6,33,22.5,59,15.32,238,12.36,268
2023,"UMBC",76.14,320,-1.72,338,-1.56,342,-2.06,359,-0.24,207,0.87,104,-1.64,349,2.51,32,33.14,114,22.46,87,19.85,160,21.87,93,16.58,310,19.2,229,40.75,100,34.25,51,13.74,244,6.6,313,4.59,330,33.61,19,28.62,32,15.55,306,13.62,297,8.53,360
2023,"UMKC",78.12,43,-0.26,192,0.58,100,0.66,91,1.67,27,2.52,16,0.16,146,1.38,325,32.76,121,11.67,361,17.39,261,14.16,342,29,2,27.74,28,26.33,333,29.04,132,20.15,105,8.5,241,15.95,17,22.39,296,27.05,58,19.94,140,14.7,267,15.88,110
2023,"UMass Lowell",76.48,280,-0.74,255,0.05,157,0.64,92,-1.08,304,-1.91,329,-0.34,222,2.49,37,37.93,26,22.51,82,18.07,234,18.29,223,24.21,50,16.86,298,40.28,106,27.62,161,12.77,272,11.83,148,7.43,195,28.74,92,22.3,217,15.21,321,20.03,49,13.66,207
2023,"UNC Asheville",77.41,126,1.54,43,-0.27,224,-0.1,204,-0.24,207,0.71,114,0.63,92,2.74,7,26.79,273,31.49,4,17.63,249,22.52,78,12.46,361,15.84,323,32.85,253,37.02,25,18.07,142,5.73,329,6.27,267,35.91,8,23.98,150,19.19,164,10.97,351,9.89,351
2023,"UNC Greensboro",76.73,233,0.35,134,0.84,78,-0.09,198,-2.24,349,-0.61,252,0.6,95,2.62,18,32.42,131,17.8,253,23.16,53,20.66,131,19.46,188,18.93,243,41.77,81,31.38,99,14.9,212,5.82,328,6.12,274,24.61,229,25.64,100,19.56,154,16.43,184,13.76,205
2023,"UNC Wilmington",76.77,226,-0.66,245,0.05,157,0.67,89,-1.2,310,-0.41,227,-0.3,218,1.99,158,29.12,224,15.76,315,23,56,23.93,44,18.2,240,19.08,235,39.7,111,24.21,231,20.71,95,7.27,289,8.06,170,23.33,273,20.7,283,24.82,25,16.01,209,15.11,144
2023,"UNLV",76.36,300,-0.88,272,-1.15,320,-1.18,322,-0.24,207,-0.18,208,-1.02,311,2.46,41,35.95,56,13.95,352,17.65,247,19.19,191,24.88,37,24.29,87,41.7,83,26.71,178,14.33,226,7.98,264,9.2,121,23.83,261,23.64,163,17.5,245,18.76,88,16.21,101
2023,"USC",79.03,4,1.58,40,2,12,1.61,21,2.17,12,2.39,18,1.79,16,1.61,276,24.47,317,15.04,332,20.46,131,17.92,241,18.66,218,27.9,25,36.61,189,14.37,346,24.36,50,18.53,33,6.11,275,19.65,342,23.83,155,22.02,68,17.77,124,16.72,84
2023,"USC Upstate",77.36,136,-0.52,228,-0.77,280,-0.4,240,0.76,82,2.33,20,-0.65,261,1.4,321,34.8,73,21.29,130,13.02,356,18.13,229,25.2,27,22.34,129,50.17,19,14.04,347,19.89,112,6.94,302,8.89,133,28.3,105,18.32,333,21.37,91,17.16,142,14.84,152
2023,"UT Arlington",76.68,249,-1.17,298,-0.85,288,-0.38,238,-0.24,207,0.62,121,-1.01,310,1.46,310,37.21,39,24.95,39,16.6,286,17.41,258,17.41,276,23.55,102,43.48,58,21.22,274,11.52,295,15.28,79,8.39,150,26.73,156,23.22,174,20,135,16.17,199,13.8,202
2023,"UT Rio Grande Valley",77.98,56,0.32,137,0.45,108,1.08,53,1.65,30,0.97,98,0.39,119,1.78,230,29.94,200,15.9,312,16.68,283,25.46,20,19.77,176,22.18,134,33.86,236,29.17,130,14.55,220,16.1,63,6.3,265,23.68,267,27.9,42,21.87,73,18.16,106,8.36,362
2023,"UTEP",76.3,309,-0.93,280,0.41,118,-0.23,223,-0.72,273,-2.44,340,-0.26,209,1.77,236,32.35,134,16.42,304,21.49,96,17.65,251,23.52,62,20.88,173,30.74,294,31.67,94,19.16,125,10.06,187,8.29,154,21.6,315,26.22,78,18.05,218,14.03,285,20.06,19
2023,"UTSA",77.52,107,1.38,57,1.22,43,-0.2,216,-0.24,207,0.02,191,1.3,40,1.66,263,35.56,62,22.49,85,14.7,331,20.1,155,17.82,255,24.85,71,37.97,159,33.17,61,13.04,264,7.59,279,8.17,165,31.4,43,21.59,242,21.81,74,11.65,344,13.49,217
2023,"Utah",78.96,6,1.96,23,0.8,82,1.19,48,2.76,2,2.66,14,1.38,36,1.96,169,28.24,242,27.18,20,17.78,241,18.62,214,19.53,187,16.86,299,32.75,254,27,172,8.46,339,24.63,4,7.13,211,26.44,164,20.22,296,14.69,328,17.6,128,21.02,13
2023,"Utah St.",78.24,32,1.14,70,1.84,17,2.21,3,0.68,110,-0.1,204,1.49,35,2.55,26,23.03,336,22.58,80,21.36,100,15.21,320,18.38,229,22.42,126,44.4,49,21.8,264,19.67,117,9,223,5.04,315,28.94,87,21.33,256,18.84,187,17.86,117,12.98,248
2023,"Utah Tech",76.85,219,0.48,119,-0.24,216,-0.03,168,-0.1,197,-1.28,304,0.12,154,2,152,29.92,202,18.78,214,16.57,288,20.59,134,20.06,169,23.99,95,37.8,166,26.8,176,21.43,84,6.64,310,7.34,199,31.78,37,18.96,320,19.19,165,17.08,149,12.99,245
2023,"Utah Valley",78.16,37,2.07,19,1.45,28,-0.77,280,0.76,82,1.88,35,1.76,17,2.23,94,26.6,279,18.67,220,14.44,336,23.03,63,24.85,38,19,239,36.84,184,36.78,27,10.12,315,9.59,205,6.67,242,31.65,39,17.6,341,15.55,307,16.21,197,18.99,34
2023,"VCU",77.58,96,-0.64,242,0.28,132,0.81,78,1.25,56,0.77,111,-0.18,199,1.76,239,31.48,165,22.53,81,22.3,74,17.92,240,17.49,271,19.74,211,46.12,33,25.32,209,13.28,257,6.81,305,8.44,148,27.78,117,28.77,31,17.98,223,13.32,304,12.13,285
2023,"VMI",75.45,354,-0.99,283,-2.39,357,-1.92,355,-1.19,308,-1.68,320,-1.69,350,0.73,362,25.17,303,21.27,132,20.12,141,21.93,92,15.45,330,21.19,161,23.45,346,34.61,48,15.47,196,17.4,46,9.01,128,20.97,323,27.68,47,20.63,111,17.15,145,13.51,216
2023,"Valparaiso",77.65,86,-0.02,169,1.04,63,1.49,30,0.52,119,-0.19,209,0.51,103,2.28,76,26.7,277,26.29,25,17.71,246,18.77,208,24.27,48,12.89,359,39.22,123,22.91,251,8.87,335,20.53,20,8.38,153,22.24,299,24.67,127,19.65,149,13.94,287,19.43,25
2023,"Vanderbilt",77.2,156,1.46,48,0.48,107,0.22,135,-0.66,267,-0.91,278,0.97,65,2.2,98,36.07,54,21.94,109,17,269,21.81,94,20.5,152,18.71,248,43.84,56,16.89,328,21.96,76,8.62,234,8.65,140,25.55,190,21.64,240,24.3,31,16.83,162,11.65,311
2023,"Vermont",76.51,275,-1.08,290,-1.47,340,-0.61,263,-0.09,194,0.38,150,-1.27,327,2.45,44,33.51,106,16.73,293,16.08,302,18.52,216,20.96,136,27.67,29,26.16,335,26.23,189,28.44,16,9.28,214,9.84,104,18.88,353,23.24,173,27.68,8,14.42,277,15.74,118
2023,"Villanova",77.53,103,-1.14,295,0.7,90,-0.15,212,0.76,82,2.08,30,-0.22,207,1.89,192,30.6,186,18.76,216,27.41,7,19.47,176,14.67,343,19.67,217,31.32,286,39.01,13,10.5,307,10.08,186,9.05,127,21.14,318,25.24,115,16.2,289,19.51,68,17.88,55
2023,"Virginia",76.58,262,0.59,112,-0.16,209,-0.94,299,0.11,167,-2.11,334,0.21,142,2.25,86,27.68,251,16.79,291,23.21,52,21.45,107,19.77,177,18.74,247,35.24,210,35.2,45,10.83,303,10.58,176,8.08,167,27.3,132,25.97,88,18.75,191,16.06,206,11.87,301
2023,"Virginia Tech",77.29,145,0.06,161,0.66,94,-0.09,197,0.11,168,0.31,158,0.36,123,1.93,180,24.42,319,26.15,26,22.2,76,15.3,314,14.23,350,22.08,138,37.94,162,29.32,128,19.83,113,6.59,314,6.25,269,26.75,154,25.43,107,16.3,288,15.86,216,15.62,126
2023,"Wagner",75.91,334,-1.53,328,-1.05,313,-1.06,319,-1.51,326,-0.71,263,-1.29,328,1.78,233,33.1,115,20.06,175,19.32,181,19.82,165,19.28,193,21.47,153,37.65,170,23.71,235,18.32,136,10.04,189,10.2,87,24.24,244,29.03,28,17.9,228,14.15,281,14.61,162
2023,"Wake Forest",77.78,69,2.39,12,3.05,1,0.39,120,-1.43,325,-0.91,278,2.72,4,1.79,229,27.14,268,14.92,336,16.67,284,23.33,55,18.79,212,26.24,45,36.3,194,32.67,74,11.89,288,12.06,139,6.98,225,25.05,206,23.8,157,21.73,78,15.94,212,13.41,225
2023,"Washington",78.07,50,2.37,13,0.05,157,1.35,39,0.8,74,0.36,152,1.21,44,2.13,112,27.18,266,19.06,202,22.34,73,20.72,127,17.59,266,20.28,188,43.75,57,17.88,316,20,109,5.91,324,12.42,46,29.09,83,23.06,178,20.91,102,14.83,263,12.08,288
2023,"Washington St.",78.81,11,1.54,42,-0.08,196,0.94,58,2.76,2,3.46,3,0.73,85,1.69,256,27.35,263,23.6,58,15.32,320,19.35,179,17.89,251,23.81,96,42.58,70,21.55,268,17.21,162,8.7,231,9.88,101,27.14,140,18.26,335,18,220,19.13,78,17.43,65
2023,"Weber St.",77.59,93,1.13,71,-0.45,250,0.52,112,0.42,131,0.89,102,0.34,128,1.58,281,30.89,180,16.65,296,19.78,165,26.67,10,21.44,120,15.4,333,53.51,9,14.48,345,16.65,175,8.52,238,6.76,239,18.33,358,21.55,245,40.59,1,9.41,361,10.05,348
2023,"West Virginia",77.42,120,0.45,124,1.28,38,0.33,125,-0.1,198,-0.28,216,0.86,74,2.58,21,30.69,184,17.05,278,17.55,255,24.87,31,19.94,171,20.51,183,46.47,30,23.06,249,11.08,300,7.45,285,11.87,50,26.6,160,26.83,64,19.37,160,13.12,313,14,196
2023,"Western Carolina",75.65,346,-1.01,286,0.15,150,-0.2,218,-1.99,340,-4.12,357,-0.43,230,2.36,64,22.77,337,23.05,67,16.3,295,21.29,111,22.34,93,16.97,295,47.03,28,23.24,247,19.26,124,7.05,296,3.32,349,27.69,119,18.54,328,26.17,14,15.36,233,12.17,282
2023,"Western Illinois",76.85,218,-1.26,305,-0.39,240,-0.62,266,-0.09,195,1.2,72,-0.82,296,2.42,49,19.19,354,15.34,326,18.81,204,17.96,239,19.25,195,28.62,14,19.59,360,30.31,111,32.28,4,10.03,191,7.78,178,15.81,363,20.81,279,27.6,9,13.51,301,22.25,5
2023,"Western Kentucky",78.84,10,5.45,2,1.05,51,1.73,17,0.28,148,0.25,162,3.25,2,2.57,24,32.07,146,16.8,290,18.61,213,19.12,192,18.25,238,27.2,34,32.29,271,19.34,301,20.78,90,5.84,327,21.7,1,28.5,99,19.93,305,22.6,54,12.14,338,16.79,81
2023,"Western Michigan",76.9,209,-1.24,303,-0.4,244,-0.23,221,0.76,82,0.23,169,-0.82,295,1.67,260,31.16,176,18.91,208,18.92,200,17.35,263,17.66,264,27.16,35,34.84,217,30.04,118,9.44,329,18.32,37,7.35,198,31.23,45,31.69,8,13.19,356,13.03,315,10.86,332
2023,"Wichita St.",77.47,115,1.06,77,-0.23,215,0.62,96,0.22,155,0.24,165,0.42,112,1.91,185,29.69,207,16.74,292,21.41,97,21.96,89,17.28,280,22.58,121,34.95,214,20.83,278,20.39,101,7.75,274,16.01,16,19.45,347,21.42,251,24.76,26,12.31,335,22.03,8
2023,"William & Mary",77.15,166,-0.32,208,-0.04,188,0.11,151,0.41,136,0.17,174,-0.18,200,1.8,225,35.52,63,23.54,59,20.47,129,19.71,167,14.37,346,21.87,146,43.13,63,22.74,255,22.39,71,8.54,237,3.16,352,25.18,202,20.85,275,20,136,18.17,104,15.77,114
2023,"Winthrop",76.75,228,-1.91,349,0.05,157,0.68,88,-0.68,270,0.22,170,-0.93,306,2.05,137,24.4,320,11.2,363,24.63,32,22.29,83,19.55,184,22.32,130,27.01,329,32.13,82,28.52,15,9.78,199,2.53,360,20.88,324,29.24,25,22.81,51,14.83,262,12.22,276
2023,"Wisconsin",77.67,82,2.1,17,1.11,47,-1.03,305,0,183,0.78,107,1.6,27,1.67,259,23.47,333,23.93,52,15.65,307,20.47,139,18.54,223,21.4,158,29.96,303,31.93,87,20.71,94,8.41,246,8.98,129,30.45,57,20.4,289,21.48,89,14.57,273,13.1,237
2023,"Wofford",77.13,170,-0.9,275,-0.39,238,-0.33,232,-0.24,207,2.09,23,-0.65,262,1.28,332,32.22,138,27.25,19,16.75,276,16.12,298,16.79,298,23.03,109,35.9,199,25.52,202,24.7,43,7.18,292,6.61,246,28.94,88,23.59,166,17.97,225,15.29,241,14.16,186
2023,"Wright St.",76.32,307,-0.63,239,-0.26,220,-0.26,225,-1.77,333,-0.91,278,-0.44,232,1.8,224,29.5,212,22.5,84,18.92,199,14.53,334,16.25,320,27.79,26,39.69,113,24.69,224,20.26,102,10.29,181,5.06,313,28.49,100,24.17,142,17.52,243,17.46,135,12.34,270
2023,"Wyoming",78.55,22,1.07,74,0.95,70,1.94,9,1.92,17,1.46,52,1.01,59,2.1,120,35.66,60,13.27,356,20.68,118,21.38,109,20.21,163,24.39,82,36.86,183,17.01,326,21.66,80,12.7,126,11.69,54,24.38,239,20.79,280,18.38,209,17.77,123,18.61,40
2023,"Xavier",78.39,26,2,21,1.06,49,0.64,94,0.9,67,1.93,33,1.53,31,2.48,39,24.56,314,22.73,75,21.28,103,18.51,218,16.63,306,20.82,175,41.5,87,35.32,44,14.39,225,3.83,357,4.9,319,27.34,131,23.64,164,18.98,178,13.92,290,16.06,103
2023,"Yale",77.52,106,-0.78,260,-0.39,241,-0.08,194,0.76,82,2.68,12,-0.59,249,1.76,237,31.17,174,21.43,121,21.8,88,20.73,126,19.89,172,16.13,318,39.66,114,25.1,212,12.29,278,9.14,220,13.76,33,23.44,271,20.87,273,16.47,286,17.08,150,22.12,7
2023,"Youngstown St.",76.59,259,-1.31,315,0.05,157,-0.82,288,-0.97,292,0.6,127,-0.63,258,2.68,11,24.34,321,19.35,193,21.01,112,17.67,250,17.51,270,24.46,80,36.92,182,35.11,47,15.12,206,5.69,330,7.14,210,33.28,23,26.56,70,13.36,352,11.08,350,15.7,120
