Season,TeamName,FG2Pct_Def,RankFG2Pct_Def,FG3Pct_Def,RankFG3Pct_Def,FTPct_Def,RankFTPct_Def,BlockPct_Def,RankBlockPct_Def,OppFG2Pct_Def,RankOppFG2Pct_Def,OppFG3Pct_Def,RankOppFG3Pct_Def,OppFTPct_Def,RankOppFTPct_Def,OppBlockPct_Def,RankOppBlockPct_Def,FG3Rate_Def,RankFG3Rate_Def,OppFG3Rate_Def,RankOppFG3Rate_Def,ARate_Def,RankARate_Def,OppARate_Def,RankOppARate_Def,StlRate_Def,RankStlRate_Def,OppStlRate_Def,RankOppStlRate_Def,DFP_Def,NSTRate_Def,RankNSTRate_Def,OppNSTRate_Def,RankOppNSTRate_Def
2023,Abilene Christian,48.07121662,271,34.31952663,160,72.85714286,139,5.736782902,335,56.24296963,355,38.08463252,349,71.14754098,151,8.209693373,118,33.39920949,294,33.55754858,59,58.18181818,27,52.45901639,226,0.113428766,40,0.076891616,36,NULL,9.652351738,259,11.99727335,5
2023,Air Force,54.81727575,23,35.60709413,92,72.21135029,166,11.02430556,76,51.90972222,263,29.32862191,10,74.83443709,327,10.96345515,327,44.80440098,26,32.94528522,45,64.94708995,4,42.27748691,20,0.089306841,190,0.088821477,140,NULL,10.09555589,301,8.154102836,271
2023,Akron,51.4,117,34.95518566,123,75.4590985,49,7.117750439,272,48.06678383,80,35.15248796,254,74.29149798,303,9.4,239,43.85176867,36,35.37762635,123,51.20711563,154,46.47519582,73,0.085519597,225,0.084564071,83,NULL,8.121972923,95,9.220828083,141
2023,Alabama,53.80835381,41,33.48581885,197,72.52358491,151,11.30382775,61,40.8492823,1,28.25174825,3,71.11681643,149,11.62981163,343,47.23422645,9,29.95391705,10,54.25219941,84,41.1299435,13,0.081694802,262,0.097741996,247,NULL,8.898898123,179,7.658887729,317
2023,Alabama A&M,46.88869413,305,34.65703971,144,64.7446458,346,11.93580742,44,48.54563691,95,33.83685801,166,70.85137085,139,9.728308501,262,32.68436578,303,39.90355636,276,49.79367263,195,53.38983051,245,0.106597181,67,0.106597181,320,NULL,10.75447116,323,10.70709463,34
2023,Alabama St.,40.42553191,363,30.75601375,337,70.30965392,238,9.027777778,148,48.87152778,109,34.1503268,197,69.24342105,52,12.34042553,355,33.12464428,295,34.69387755,92,44.64831804,333,45.98445596,60,0.083199256,253,0.098860293,263,NULL,9.005095954,191,9.494503343,106
2023,Albany,46.63212435,312,32.24852071,273,72.88801572,138,4.351939451,358,56.48060549,357,35.2833638,261,73.94247039,293,10.88082902,325,41.19439366,78,34.10224439,77,48.95209581,222,53.79746835,257,0.081166772,268,0.092834496,185,NULL,9.89220038,280,8.471781864,231
2023,Alcorn St.,45.58599696,334,29.60288809,352,72.07890744,170,7.766990291,227,52.62135922,298,33.09859155,118,68.81405564,42,8.295281583,131,29.65738758,337,40.8045977,296,41.02228047,358,58.68725869,332,0.116673666,32,0.08262493,65,NULL,10.03302727,293,9.352052571,124
2023,American,55.8117195,13,34.63497453,145,70.10989011,244,11.41304348,56,48.73188406,104,38.5026738,353,72.28464419,218,7.204610951,52,36.13496933,225,33.69369369,63,55.54140127,60,52.25464191,219,0.116988528,31,0.129768788,362,NULL,9.044491278,194,7.471536273,328
2023,Appalachian St.,48.31349206,264,32.90734824,227,65.06276151,344,12.41578441,33,46.48700674,36,33.43653251,138,72.72727273,244,7.242063492,54,38.31089351,149,38.33827893,219,49.06204906,218,50.78683834,178,0.083385449,249,0.087033563,115,NULL,7.608922243,48,8.807588076,182
2023,Arizona,56.39039504,8,37.77208707,17,70.75471698,223,8.100147275,206,46.24447717,32,32.28438228,78,71.32743363,157,9.45003873,246,37.69305019,169,38.71841155,233,64.71163245,5,48.95027624,132,0.083663519,242,0.108409067,327,NULL,7.541500346,44,8.562745185,216
2023,Arizona St.,48.47560976,255,32.19741481,275,68.88888889,289,13.30203443,17,43.58372457,6,34.10757946,190,70.65527066,130,8.155487805,111,39.34350439,121,39.02671756,246,56.59340659,41,54.784689,276,0.101551649,95,0.087214946,119,NULL,8.084307781,91,9.956044065,71
2023,Arkansas,52.44802146,77,31.29370629,317,69.75308642,262,13.11239193,20,47.40634006,61,31.08552632,33,71.44670051,162,6.908115359,33,27.72661173,348,30.46092184,17,48.07492196,246,45.10035419,46,0.119037061,25,0.094993151,213,NULL,8.553325253,146,8.553325253,218
2023,Arkansas Pine Bluff,44.01858304,350,31.107739,326,74.12451362,91,7.211028632,263,51.11346766,225,34.54198473,221,71.4511041,163,11.14982578,334,43.35526316,46,35.71915474,132,54.10958904,88,60.03016591,347,0.10632476,69,0.118833555,355,NULL,9.694316316,264,10.73671592,31
2023,Arkansas St.,45.46304958,337,34.57249071,147,67.55319149,314,8.752327747,162,48.04469274,78,36.4298725,312,74.69026549,321,9.260991581,227,33.47853143,292,33.82624769,69,53.125,113,48.88268156,129,0.094074471,153,0.093040686,188,NULL,8.838865162,172,7.236497794,343
2023,Army,54.70809793,26,34.87654321,128,69.7761194,260,5.913978495,324,52.41935484,288,33.08823529,117,69.3359375,58,9.510357815,253,37.89473684,162,37.86191537,204,47.95539033,251,52.4691358,227,0.07304774,324,0.100853009,285,NULL,9.0013667,189,8.24732551,257
2023,Auburn,50.69767442,159,31.52639087,309,69.57123098,269,13.5753749,13,47.04025257,48,28.7856072,6,71.0106383,143,9.147286822,212,35.20843797,253,34.48810755,84,54.74285714,73,48.22335025,109,0.112258237,46,0.101587302,291,NULL,7.512338269,40,7.640389489,320
2023,Austin Peay,46.01226994,328,31.15823817,323,74.03846154,95,8.753861998,161,56.33367662,356,34.41064639,215,74.36823105,306,7.770961145,89,38.5292269,143,35.13694055,111,50.54602184,175,53.84615385,258,0.099385592,112,0.093984201,204,NULL,8.048072379,86,9.452434002,111
2023,BYU,53.08641975,61,32.74695535,245,72.53289474,150,11.31059246,60,48.6535009,101,33.87334315,170,69.12850812,49,7.671957672,77,39.45541911,118,37.86949247,205,53.31753555,107,50.25906736,161,0.100542954,103,0.103188821,309,NULL,9.877904253,278,8.510872861,228
2023,Ball St.,51.66191833,106,36.86786297,33,68.75,291,9.176672384,139,47.68439108,65,38.44827586,351,73.1261426,261,7.407407407,63,36.79471789,202,33.2187858,49,49.61038961,202,37.48395379,4,0.077368027,292,0.089532811,153,NULL,8.855962873,175,9.001940283,164
2023,Baylor,51.6218721,108,36.7881549,37,74.44444444,80,6.937394247,284,53.29949239,315,32.5,89,71.76470588,184,8.989805375,200,44.86458866,25,37.85488959,203,54.88636364,71,59.9537037,345,0.096419403,136,0.089933793,161,NULL,8.863667072,176,10.29050128,48
2023,Bellarmine,53.86363636,39,32.63473054,252,77.09923664,21,4.900662252,349,54.96688742,344,36.26373626,300,73.2,267,6.931818182,34,43.15245478,49,52.03303685,363,56.21387283,52,58.98876404,335,0.080863068,273,0.08879082,138,NULL,9.354747072,230,9.619005464,92
2023,Belmont,53.197405,58,38.87434555,5,72.54464286,149,7.899022801,222,49.83713355,169,35.64516129,276,66.48148148,11,10.19462465,289,41.45415084,73,33.54978355,58,54.19058553,85,48.97959184,133,0.099159002,114,0.084331488,82,NULL,8.340476797,124,7.784445011,304
2023,Bethune Cookman,43.11377246,357,35.76388889,82,69.87522282,255,6.862745098,288,52.13903743,277,35.81616482,282,72.93354943,253,9.324208725,233,33.00859599,298,35.99543639,139,46.61971831,292,52.77435265,232,0.099392469,111,0.100819156,284,NULL,8.179667344,104,9.321016276,126
2023,Binghamton,49.9564839,199,32.38866397,267,71.55172414,192,8.108108108,204,50.79217148,210,33.21917808,125,73.4241908,277,7.74586597,84,30.0669507,329,35.24441762,116,45.09536785,319,42.08389716,19,0.063690616,356,0.10954786,329,NULL,8.458113866,135,8.763828825,188
2023,Boise St.,50.5560308,167,35.63380282,88,73.68421053,113,7.928388747,217,47.99658994,73,31.1965812,39,69.82591876,79,9.153122327,213,37.78605641,165,37.44,187,43.48341232,343,45.65217391,56,0.074467429,316,0.077159023,38,NULL,8.92711949,181,10.09347681,58
2023,Boston College,49.14330218,232,31.86440678,299,72.4609375,153,10.29023747,90,49.1644679,130,36.77852349,327,72.63969171,241,8.489096573,149,31.48345784,318,39.58554729,267,50.42735043,177,48.97959184,133,0.094234877,151,0.098743723,261,NULL,8.341364715,125,8.88242621,175
2023,Boston University,45.91368228,329,32.4127907,266,74.03100775,97,7.242063492,261,50.29761905,183,33.84379786,167,69.68698517,75,10.83562902,323,38.71693866,138,39.31366647,256,43.29183956,347,49.58791209,148,0.093484402,158,0.092520645,179,NULL,8.625622677,156,8.914749694,171
2023,Bowling Green,50.35587189,178,33.7641357,183,70.84805654,218,8.025830258,209,53.78228782,321,36.37770898,307,72.97762478,256,9.252669039,224,35.5134825,245,37.34104046,184,49.41935484,207,51.46699267,198,0.086770525,216,0.08531627,94,NULL,9.016378542,193,7.659074246,316
2023,Bradley,52.68542199,69,35.17786561,105,66.08863198,334,11.79624665,49,45.75513852,26,32.14285714,75,74.82876712,326,7.075873828,43,39.28571429,122,38.48268279,223,50.84745763,166,48.84667571,128,0.101380081,99,0.096933586,239,NULL,8.181550382,107,8.80405965,184
2023,Brown,49.83957219,202,34.7266881,140,64.22413793,350,8.969072165,152,50.41237113,187,35.0262697,251,71.01449275,144,8.770053476,179,39.94861914,108,37.05386113,176,54.54545455,77,47.16981132,87,0.102346316,90,0.096543174,234,NULL,9.390538241,234,9.496049907,105
2023,Bryant,53.19567355,59,33.23124043,210,73.54014599,121,8.848715509,157,49.28639391,142,34.02674591,183,70.49180328,110,8.554572271,158,39.10179641,129,39.03712297,247,46.3060686,298,55.55555556,292,0.081159349,270,0.096899344,238,NULL,9.050497101,197,7.624060058,323
2023,Bucknell,51.1342155,133,34.4605475,154,71.84035477,177,9.894921191,113,49.38704028,149,36.36363636,305,64.09736308,2,9.451795841,247,36.98630137,195,35.84269663,136,53.50993377,104,55.52763819,291,0.081308683,266,0.117123221,351,NULL,8.469654438,137,7.308101829,340
2023,Buffalo,50.85574572,148,31.32911392,316,70.53872054,230,8.027327071,208,52.26302306,285,35.3125,262,70.69486405,131,8.47595762,146,33.99677246,280,35.33959139,120,50.3649635,179,52.14797136,216,0.101520552,96,0.087984479,132,NULL,10.4227767,315,8.211884673,261
2023,Butler,49.73544974,206,32.7014218,251,74.01746725,98,11.03117506,75,50.99920064,218,32.10272873,73,70.44917258,106,9.259259259,225,35.82342954,233,33.24439701,50,52.26977951,133,52.50596659,228,0.100383992,105,0.101778214,293,NULL,7.43585126,33,8.551228949,220
2023,Cal Baptist,49.18699187,229,32.5428195,257,65.81818182,337,7.776838546,226,49.02789518,118,29.66841187,12,72.56809339,233,8.536585366,155,43.54561102,40,32.6309795,43,55.54035568,61,46.26666667,69,0.065391372,354,0.085887175,105,NULL,9.467109116,242,9.467109116,110
2023,Cal Poly,46.74441205,310,29.28942808,353,74.64788732,69,7.389162562,248,49.26108374,139,34.90909091,242,72.50755287,229,9.037900875,204,35.92777086,231,35.14376997,113,47.07692308,270,50.57803468,169,0.07943354,279,0.09184503,174,NULL,11.66680112,353,10.67388188,36
2023,Cal St. Bakersfield,43.68463395,351,31.5270936,308,75.67010309,47,9.775280899,119,50.2247191,180,34.82972136,236,71.79104478,187,6.114239743,10,24.62098241,360,42.05729167,322,47.09388972,269,53.86904762,259,0.096775204,133,0.091259519,169,NULL,10.78065749,324,10.88094268,23
2023,Cal St. Fullerton,46.48288973,315,36.23417722,65,69.47852761,273,7.521697203,243,49.18032787,132,31.72932331,62,70.82601054,136,8.745247148,178,37.52969121,176,39.07168038,248,43.0362117,350,49.65325936,150,0.092979229,163,0.085790114,103,NULL,8.866576004,177,11.16709302,15
2023,Cal St. Northridge,42.75023386,360,31.23809524,320,73.80136986,109,9.4,133,49.6,158,34.58401305,227,74.56279809,316,7.951356408,100,32.93601004,300,38.00371978,209,43.31723027,346,54.37853107,265,0.095524208,144,0.083837736,75,NULL,11.22917553,341,8.434584336,237
2023,California,43.24786325,355,29.77099237,350,72.28464419,160,9.149130833,140,52.51601098,292,33.43151694,137,71.62629758,176,11.11111111,332,30.93270366,324,38.31828442,218,46.52567976,294,51.56054931,200,0.072820216,327,0.089216821,151,NULL,11.1882716,339,8.728780864,194
2023,Campbell,54.74095797,25,32.91925466,226,69.82622433,257,8.562992126,174,53.2480315,314,34.3575419,213,69.96402878,85,10.75268817,319,38.63227355,140,41.33949192,308,50,185,48.15756036,107,0.090978916,176,0.090026258,163,NULL,9.050258706,196,9.288423409,132
2023,Canisius,47.45925216,287,33.61945637,191,73.44110855,124,6.597222222,296,51.99652778,267,36.41404806,309,70.08547009,91,8.724832215,177,40.12629162,103,31.95510927,31,55.47945205,62,49.12060302,137,0.07846126,287,0.092454351,178,NULL,8.195953248,112,10.84464546,27
2023,Central Arkansas,46.84444444,308,31.64556962,305,75.10729614,55,8.225108225,201,54.80519481,341,36.32707775,304,71.40255009,158,9.244444444,222,41.25326371,77,39.24250395,254,46.71814672,285,46.57079646,76,0.087131633,214,0.099384519,271,NULL,8.168590634,103,7.987066398,287
2023,Central Connecticut,47.46887967,284,32.73542601,247,70.9382151,214,10.5810928,82,50.21682567,179,35.43191801,268,74.43298969,309,8.962655602,198,35.69903949,238,37.20043573,181,52.08596713,137,56.51644336,309,0.084196663,238,0.10113007,287,NULL,7.761144886,61,8.043368337,283
2023,Central Michigan,47.43852459,289,30,349,70.39586919,234,10.80246914,78,50.82304527,211,35.60606061,275,67.71300448,25,8.81147541,189,38.07106599,156,40.44117647,288,47.74494557,257,51.57750343,202,0.083505219,247,0.11600725,348,NULL,11.30070629,344,10.80067504,28
2023,Charleston,52.52883762,75,33.00395257,222,74.57142857,73,7.742402315,228,49.1316932,125,30.13910355,17,67.78656126,26,11.18012422,336,47.31182796,8,31.88762937,29,49.13606911,216,45.30892449,51,0.103963613,81,0.08003548,47,NULL,8.663634395,157,8.911166806,172
2023,Charleston Southern,49.65986395,208,34.13533835,169,72.90322581,137,7.024793388,276,54.33884298,333,36.19631902,297,71.8381113,189,8.649173955,171,39.25619835,123,40.24691358,284,44.71544715,330,51.04986877,185,0.075041079,311,0.084874047,87,NULL,9.57420657,253,9.160186826,146
2023,Charlotte,54.04913558,34,37.69430052,19,75.05376344,57,7.588532884,240,49.7470489,167,33.88429752,171,72.98474946,257,8.917197452,196,41.26135756,75,37.9707113,208,52.99435028,116,41.50717703,16,0.088328636,204,0.087440911,125,NULL,8.211456091,114,9.010408575,162
2023,Chattanooga,51.75936436,101,37.30407524,26,71.59863946,189,9.300184162,136,50.55248619,196,34.19434194,198,76.65505226,357,9.194097616,216,52.06746464,1,42.81200632,332,58.05658057,29,44.37726723,38,0.084278254,236,0.094699759,210,NULL,8.020027413,82,6.88725518,355
2023,Chicago St.,48.38337182,260,32.85024155,233,72.63157895,147,7.023060797,278,53.14465409,310,35.7267951,279,69.28702011,55,11.66281755,344,41.76193679,65,37.44262295,188,46.7094703,287,56.25879044,302,0.079136792,281,0.104393214,312,NULL,10.88832452,331,8.755559921,190
2023,Cincinnati,50.55679287,166,34.94252874,124,70.87719298,216,9.513888889,127,48.05555556,79,31.17283951,38,74.01315789,296,7.349665924,58,39.24221922,124,31.03448276,22,54.31472081,81,50.78299776,177,0.087017515,215,0.075632046,29,NULL,7.603866993,47,8.213802848,260
2023,Clemson,53.7456446,48,36.38709677,54,78.49829352,9,9.184549356,138,45.57939914,21,33.20895522,124,73.67549669,286,7.578397213,71,40.30161206,97,40.83291011,298,53.94883204,95,49.37343358,143,0.075087155,308,0.081952266,63,NULL,7.937784929,78,8.924644677,169
2023,Cleveland St.,50.65113091,160,30.55028463,341,68.6440678,295,9.437086093,130,49.00662252,117,31.6011236,54,73.32185886,271,9.115832762,210,26.53575025,355,37.08333333,178,47.66666667,258,49.69400245,152,0.100955391,100,0.093808107,199,NULL,7.862012742,74,10.31889172,47
2023,Coastal Carolina,48.35907336,261,30.64770932,338,78.83817427,8,8.546059933,176,51.2763596,231,36.70411985,321,72.08835341,203,8.783783784,183,37.92690234,160,47.06227967,358,45.17985612,317,56.48148148,308,0.076594644,300,0.093155648,190,NULL,8.435761418,133,7.814723768,301
2023,Colgate,56.88715953,7,40.47267356,1,66.29422719,329,7.686212361,230,51.50554675,240,35.58863329,274,69.07730673,48,8.482490272,148,34.50560652,268,36.93153423,172,60.7960199,14,54.10733844,262,0.103540523,85,0.087511237,127,NULL,6.281747192,7,7.364807053,336
2023,Colorado,49.36896808,219,32.16292135,277,69.48051948,272,9.800918836,117,47.856049,68,32.10059172,72,71.74959872,181,10.39346696,304,34.57989315,265,34.10696266,79,50.78299776,170,46.67458432,78,0.107219332,65,0.102289708,302,NULL,8.791163648,168,8.544682424,223
2023,Colorado St.,55.7855127,15,35.54216867,95,74.17475728,87,7.594936709,238,51.02239533,219,35.81514763,281,74.39252336,307,9.87770461,274,38.44817603,145,43.13399779,338,61.5199035,12,50.56039851,168,0.081161448,269,0.085825899,104,NULL,8.116144831,94,9.7487027,79
2023,Columbia,45.38706257,338,30.44822257,342,71.07623318,208,4.537205082,354,53.17604356,311,33.10344828,119,70.24793388,96,12.51325557,357,40.6918239,90,34.48275862,83,46.72,284,53.47043702,247,0.087797909,207,0.095071109,214,NULL,10.39028508,312,8.779790896,187
2023,Connecticut,53.60294118,50,36.27954779,62,76.07788595,37,12.73458445,25,44.36997319,9,29.70903522,14,73.45679012,281,7.720588235,81,41.70595799,67,30.44289044,15,63.21626617,8,41.70560748,17,0.091893235,172,0.096769203,237,NULL,9.189323506,208,9.301845835,130
2023,Coppin St.,51.25376128,125,33.79571248,182,71.87969925,176,6.806722689,291,54.78991597,340,33.96901073,177,72.33429395,221,9.929789368,279,44.30167598,30,41.35041893,309,46.34146341,297,58.48452508,331,0.1035675,84,0.10146247,289,NULL,9.935743944,284,8.167518327,269
2023,Cornell,57.51789976,6,34.54545455,148,71.61572052,186,6.063947078,319,56.5600882,358,36.28762542,301,71.82795699,188,9.665871122,260,47.88557214,5,39.73421927,272,57.7540107,30,59.04109589,337,0.13487591,6,0.085492211,99,NULL,8.07131431,89,8.443019574,235
2023,Creighton,55.07131537,20,35.36585366,99,78.33876221,11,9.245742092,137,45.74209246,25,33.5755814,146,72.60869565,239,8.161648177,114,41.68207024,68,29.5025729,9,57.29783037,33,44.65920651,42,0.071689449,330,0.084089786,78,NULL,8.215223351,115,6.703932263,359
2023,Dartmouth,50.8045977,151,32.63327948,253,69.58525346,267,10.21021021,96,51.55155155,243,33.95176252,176,72.89527721,250,9.425287356,244,41.57152451,71,35.04551365,107,49.22360248,212,44.55587393,40,0.069852916,339,0.118046014,352,NULL,8.393179864,128,9.476170815,108
2023,Davidson,51.32662397,120,31.9047619,295,75.04424779,59,3.571428571,363,51.51785714,241,32.97546012,111,70.61310782,125,10.978957,328,36.56413233,209,36.79458239,164,53.1496063,111,49.24242424,140,0.078895464,284,0.089543931,154,NULL,7.211916603,28,9.390012222,120
2023,Dayton,54.33422699,31,33.83458647,180,69.87381703,256,12.5210084,31,45.71428571,23,29.25531915,8,70.47413793,109,6.881143878,32,37.27578475,185,38.72296601,234,62.18487395,10,48.56020942,121,0.074881419,313,0.090500856,166,NULL,9.831057413,276,8.682569397,197
2023,DePaul,46.34946678,321,36.79245283,35,73.93715342,104,12.04633205,40,51.11969112,227,34.97822932,246,71.08603667,147,9.023789992,203,37.83783784,163,34.72782258,93,54.53460621,78,51.9379845,211,0.090175757,179,0.102142208,300,NULL,8.034617234,84,8.718414445,195
2023,Delaware,50.52539405,168,32.01219512,289,73.4006734,125,9.966499162,111,50,172,36.70886076,322,72.57462687,234,9.194395797,217,36.48498331,212,34.61117196,90,48.15756036,242,53.67913148,253,0.100698655,102,0.089150644,149,NULL,7.621687164,52,8.545528033,221
2023,Delaware St.,45.55453712,335,31.08384458,328,69.29824561,283,8.416389812,185,50.94130676,214,40,362,69.03114187,47,9.074243813,208,30.94936709,323,42.59376987,329,50.84745763,166,62.63736264,361,0.09403543,154,0.116131187,349,NULL,11.87004612,359,9.711855915,82
2023,Denver,53.39480302,55,32.85714286,231,72.64150943,146,7.967032967,214,52.1978022,281,33.92857143,174,75.1984127,338,9.22045264,219,26.03843769,356,40,279,43.35483871,344,51.65238678,203,0.076509265,301,0.09707113,240,NULL,11.66766288,354,7.985654513,288
2023,Detroit Mercy,46.40638864,319,38.73659118,6,77.19626168,19,5.281690141,343,52.5528169,294,36.75675676,325,75.69060773,346,8.074534161,107,42.67548321,53,39.445629,262,46.81603774,278,52.93440736,235,0.090056114,182,0.097370316,243,NULL,7.862767283,75,8.045622336,282
2023,Drake,51.85483871,94,36.41456583,50,76.93693694,25,7.112970711,273,46.94560669,47,31.25845737,42,70.37735849,101,6.370967742,16,36.54042989,211,38.21096174,217,49.6124031,201,43.81313131,33,0.077232155,294,0.07680069,33,NULL,7.852654855,72,9.794245342,75
2023,Drexel,50.58479532,163,31.79190751,303,68.08510638,305,8.006405124,212,46.19695757,30,33.53535354,144,71.09004739,148,8.187134503,116,40.27939464,98,28.38302752,4,48.44384303,238,46.8371467,82,0.083208994,252,0.089647786,157,NULL,8.964778574,185,9.658186861,89
2023,Duke,51.56716418,110,33.46994536,198,76.61290323,30,12.18236173,38,46.18834081,29,30.49932524,21,76.26774848,353,9.850746269,269,35.32818533,250,35.64213564,130,56.1965812,53,48.45971564,115,0.086209173,221,0.092970677,186,NULL,8.958992536,184,7.902507567,296
2023,Duquesne,48.53181077,253,36.56174334,44,69.37269373,276,10,106,49.43548387,152,35.17350158,255,69.34749621,60,8.156606852,112,40.25341131,99,33.83137673,70,56.29877369,51,52.63157895,230,0.116246675,34,0.085218427,92,NULL,8.740351471,164,9.133667288,148
2023,East Carolina,46.93140794,303,31.59898477,306,68.75,291,6.971153846,281,49.19871795,134,32.87671233,104,71.47385103,166,10.46931408,306,41.56118143,72,34.48818898,85,56.30689207,50,49.87951807,158,0.094541238,149,0.095424801,218,NULL,9.675014496,262,7.907888561,295
2023,East Tennessee St.,51.79063361,98,32.0754717,284,67.04980843,321,9.499489275,128,51.7875383,254,32.92847503,107,73.43412527,278,6.060606061,8,34.86842105,258,43.08139535,337,47.00399467,273,51.13182423,187,0.089025038,195,0.106029821,316,NULL,8.852489763,174,8.552405364,219
2023,Eastern Illinois,47.71404821,281,32.60869565,254,63.38289963,354,10.09268795,100,52.42018538,289,34.58333333,225,70.49180328,110,8.811305071,188,27.66085388,349,42.578356,328,54.97237569,70,59.36675462,341,0.113476571,39,0.093826948,200,NULL,9.824811333,274,8.40021369,240
2023,Eastern Kentucky,48.59747546,248,32.44949495,264,65.37037037,340,12.89808917,23,49.68152866,163,34.69387755,231,73.44632768,280,7.012622721,38,35.70784491,237,39.87553854,275,47.78947368,256,53.77875137,256,0.099594113,110,0.091363194,171,NULL,7.613599535,50,8.601309745,212
2023,Eastern Michigan,50.2994012,184,31.3559322,315,76.50176678,32,6.273764259,309,58.65019011,363,34.13978495,195,70.54140127,116,7.185628743,50,33.54178511,291,41.42538976,310,36.99870634,363,47.30195178,90,0.086605556,217,0.089900333,160,NULL,7.860395609,73,8.425214455,238
2023,Eastern Washington,58.44793713,2,35.5361596,96,75.39267016,52,9.090909091,144,50.22956841,182,33.41176471,133,75.26315789,340,6.286836935,14,44.06593407,33,43.8370294,345,55.68181818,58,49.81949458,156,0.07283281,326,0.09534477,216,NULL,10.3290167,311,8.960642694,166
2023,Elon,50.50403226,169,29.21013413,355,70.52401747,231,6.468716861,302,51.43160127,237,35.22012579,258,70.83333333,137,9.375,237,40.34876729,95,45.74223245,352,49.64131994,200,58.16993464,327,0.091252084,175,0.091753469,172,NULL,9.175346896,206,8.02216122,284
2023,Evansville,43.40704341,353,32.20064725,274,62.96296296,355,5.827067669,329,54.88721805,342,37.98657718,348,76.28676471,354,6.961506962,36,33.60522023,288,41.18297402,303,44.99314129,323,57.90080738,324,0.100315726,106,0.083297879,70,NULL,9.225464072,212,8.822409817,181
2023,FIU,53.80483438,42,32.79742765,242,72.34468938,158,11.17318436,72,50.37243948,186,36.5303244,316,74.67889908,320,9.221128021,220,35.76768258,235,39.76444195,274,44.8447205,325,53.75,255,0.126802759,13,0.113797348,346,NULL,9.243131517,213,10.12564156,56
2023,Fairfield,47.89422135,275,28.5472973,360,72.17675941,168,9.019947962,149,51.69124024,250,29.30056711,9,72.51585624,230,9.500489716,252,36.70179789,205,31.45065398,25,41.4893617,356,43.1424767,30,0.081852614,261,0.088970233,143,NULL,9.303744376,223,9.659625308,88
2023,Fairleigh Dickinson,51.11940299,135,34.32098765,159,75.66666667,48,5.826906598,330,55.7840617,351,35.33930858,264,75.45454545,342,10.07462687,286,37.6744186,170,40.09240246,282,51.298027,152,57.38942826,317,0.106133279,70,0.080824574,52,NULL,8.286559853,118,10.49086641,43
2023,Florida,50.70656692,158,31.38373752,313,71.68949772,184,12.26685796,36,45.76757532,27,31.57894737,53,70.42735043,103,8.478802993,147,36.81722689,200,30.36963037,13,48.91566265,224,44.57831325,41,0.097445836,128,0.093981096,203,NULL,6.669626133,15,8.098831733,276
2023,Florida A&M,43.20441989,356,32.12851406,278,70.45454545,233,9.67402734,122,51.84016824,260,33.20079523,123,66.40986133,10,10.49723757,309,35.49536707,246,34.59422283,87,47.36842105,263,50.60606061,170,0.093445524,159,0.123101888,360,NULL,11.86254555,358,8.729042953,193
2023,Florida Atlantic,53.77128954,45,36.64596273,42,72.04301075,172,6.830985915,289,44.71830986,12,32.40740741,85,73.64746946,285,7.055961071,41,43.92905866,35,34.74264706,95,51.13077679,160,35.11363636,2,0.090061745,181,0.083375939,72,NULL,8.534235262,144,8.730876627,192
2023,Florida Gulf Coast,50.05138746,192,35.1010101,111,73.69477912,112,9.410646388,132,51.04562738,222,33.42391304,135,69.38369781,61,9.352517986,234,44.87252125,24,41.16331096,302,50.71895425,172,51.21328225,190,0.099385475,113,0.085394315,97,NULL,8.587676925,149,7.333297149,337
2023,Florida St.,49.13007457,233,33.01737757,220,72.62969589,148,11.27141569,64,50.76645627,208,37.64553687,344,75.60137457,343,7.53935377,68,34.40217391,274,41.07332625,301,53.6159601,101,55.38641686,289,0.08920132,193,0.074711765,24,NULL,10.09740829,302,8.150374408,272
2023,Fordham,49.14337241,231,31.81818182,301,74.12587413,90,12.51956182,32,46.47887324,35,31.97158082,69,73.21688501,268,9.017132552,202,41.66228301,70,30.58120587,19,52.44667503,130,48.70801034,125,0.102256737,91,0.091085833,167,NULL,10.05381368,296,9.022653305,157
2023,Fresno St.,51.14345114,132,31.107739,326,77.66497462,18,10.24590164,93,48.25819672,86,37.37201365,340,76.04790419,349,9.771309771,266,40.65391733,91,37.51600512,190,53.22812052,108,52.75362319,231,0.09816912,122,0.087725596,131,NULL,9.294735811,220,9.869129598,74
2023,Furman,58.26848249,3,34.11111111,170,73.58208955,119,8.239095315,199,51.53473344,242,32.62839879,96,71.23966942,153,9.046692607,205,46.68049793,12,34.84210526,98,58.05739514,28,44.02810304,36,0.089207139,192,0.079586761,44,NULL,7.783760146,64,9.226816803,140
2023,Gardner Webb,51.51802657,111,32.83302064,235,62.5,361,13.7605042,10,47.26890756,57,34.72222222,232,71.57024793,172,8.159392789,113,33.58538122,290,37.69633508,195,47.07520891,271,48.15384615,106,0.101740397,93,0.094109867,205,NULL,10.17403967,308,10.07229927,59
2023,George Mason,51.42332415,114,35.03649635,117,65.14459665,342,8.484349259,178,49.42339374,151,30.09118541,16,68.93203883,46,8.815426997,191,38.61330327,141,35.14957265,114,56.5,45,45.36340852,52,0.067651395,345,0.101922168,298,NULL,9.969679268,287,10.14770925,54
2023,George Washington,56.04693141,11,32.05882353,286,74.55429498,74,8.717948718,165,51.70940171,252,34.93506494,243,70.63197026,127,6.949458484,35,38.03131991,158,39.69072165,271,46.48390942,295,50.91533181,183,0.080043205,278,0.097780052,248,NULL,7.867883232,76,7.504050482,327
2023,Georgetown,47.41573034,292,30.88480801,332,71.75843694,181,12.0661157,39,50.41322314,188,38.9380531,357,72.80163599,246,7.191011236,51,30.97207859,322,39.53023488,266,46.45476773,296,60.13071895,349,0.087717345,209,0.115323819,347,NULL,5.922033974,2,7.079724826,349
2023,Georgia,46.84931507,307,31.71091445,304,72.70194986,143,6.94214876,283,50.99173554,217,31.90883191,67,69.25858951,54,10.68493151,315,38.24027073,150,36.71548117,161,49.17582418,215,55.76694411,294,0.092180093,170,0.097656139,245,NULL,9.537445311,249,7.575195797,324
2023,Georgia Southern,48.43205575,258,31.80272109,302,70.04132231,246,7.136060894,270,49.38154139,148,33.22368421,126,70.55749129,118,7.491289199,65,33.87096774,283,36.64858348,156,40.1076716,361,48.12760055,105,0.095460672,145,0.087052219,116,NULL,7.567607671,45,8.754683385,191
2023,Georgia St.,46.49042844,314,28.98550725,358,72.0754717,171,9.082125604,145,48.59903382,98,36.48393195,314,72.38267148,223,9.753874202,265,30.56962025,326,33.82352941,68,44.92307692,324,52.29885057,220,0.083510596,246,0.101893432,297,NULL,9.296462617,221,9.138895454,147
2023,Georgia Tech,47.43255004,290,33.42465753,201,69.45701357,274,10.64735945,80,52.04429302,270,30.98591549,29,71.55635063,170,9.747606614,264,38.85045237,135,35.24544953,117,53.99239544,92,56.73671199,312,0.085847656,223,0.081078342,54,NULL,7.487823345,38,7.297050775,341
2023,Gonzaga,58.14889336,5,37.55215577,22,69.36339523,277,9.124906507,141,50.56095737,197,35.20467836,257,73.33333333,272,5.969148223,6,32.53393665,309,39.00547445,245,50.48372911,176,46.26407369,68,0.096270951,138,0.073073131,17,NULL,7.539291307,42,8.196562856,266
2023,Grambling St.,48.79267277,243,35.46255507,97,63.8483965,353,12.22329163,37,43.21462945,4,31.20124805,40,66.23188406,8,7.826810991,94,27.43202417,351,38.1547619,216,50.20080321,181,53.0046225,236,0.102463899,88,0.102940476,307,NULL,10.86593909,328,10.72296621,32
2023,Grand Canyon,50.42016807,175,37.5,23,71.47147147,198,7.704160247,229,47.07241911,49,32.32484076,81,70.26604069,98,8.496732026,153,40.73049253,89,32.60643821,41,47.05882353,272,43.12039312,29,0.069250263,341,0.08428486,81,NULL,9.704148751,266,8.200689086,265
2023,Green Bay,46.54622742,313,30.11049724,347,70.22900763,243,6.343906511,306,56.01001669,353,35.01577287,249,75.95155709,348,11.15834219,335,43.48348348,41,34.6069869,89,53.20121951,109,49.60806271,149,0.076173459,302,0.11002833,332,NULL,10.01539926,292,8.463717688,233
2023,Hampton,43.36432798,354,32.11143695,280,68.72909699,293,8.72193437,164,52.24525043,284,37.85394933,347,69.39721793,62,9.467455621,248,36.56836461,208,36.68671405,158,45.6284153,312,54.71478463,274,0.061859834,359,0.081710378,60,NULL,7.801725382,66,9.509795436,103
2023,Hartford,47.44069913,288,31.97781885,292,65.74074074,338,10.4793757,86,53.84615385,322,38.66171004,356,70.60301508,122,9.36329588,236,40.31296572,96,37.4912892,189,53.16455696,110,58.17655572,328,0.089481401,189,0.113665563,345,NULL,11.30609592,345,8.645838057,202
2023,Harvard,52.03426124,89,30.05565863,348,67.97385621,308,11.2568306,65,49.72677596,166,31.48788927,50,75.06702413,334,8.779443255,181,36.59198914,207,38.71399866,232,52.31481481,132,47.25274725,89,0.107448245,63,0.101822682,296,NULL,9.619711971,257,7.650765077,318
2023,Hawaii,48.17518248,268,32.81733746,237,74.57337884,72,8.860759494,156,44.52717796,10,29.53586498,11,74.34343434,304,9.306569343,231,37.08381171,192,26.08695652,1,46.89189189,276,32.92682927,1,0.069515948,340,0.092370506,177,NULL,9.332277897,226,9.475118885,109
2023,High Point,51.27201566,122,32.28228228,272,62.78713629,357,12.61343013,28,51.99637024,266,32.50728863,90,66.93037975,14,8.806262231,187,39.4549763,119,38.36689038,220,47.22598106,266,51.38190955,197,0.084309416,235,0.093944777,202,NULL,10.11712987,306,7.949173467,292
2023,Hofstra,55.1103843,17,36.73469388,40,74.22434368,85,10.84797555,77,46.90603514,45,31.07191316,32,69.82591876,79,8.585445626,165,39.06327853,131,36.02150538,143,49.37629938,210,50.88967972,180,0.089798385,187,0.085049432,89,NULL,7.425635712,32,9.497906143,104
2023,Holy Cross,46.47408666,317,35.26220615,103,62.66968326,358,6.309420916,307,53.93258427,324,31.91823899,68,67.26907631,18,8.49617672,152,31.96531792,312,35.47127719,125,47.97843666,249,50.54413543,166,0.088706761,200,0.100759311,281,NULL,7.424370254,31,8.533204773,224
2023,Houston,53.07017544,62,34.01197605,174,73.27044025,127,16.65141812,1,43.36688015,5,27.85714286,2,68.88567294,44,6.652046784,22,37.90285974,161,43.45576824,339,53.86138614,96,53.10734463,237,0.12212595,20,0.082945611,67,NULL,7.127487196,23,8.878098086,176
2023,Houston Christian,49.43473792,217,36.18618619,68,72.67267267,144,6.119027661,314,57.92120704,361,37.81942078,346,70.60810811,123,9.249743063,223,40.63453325,92,32.97752809,46,56.37119114,47,53.12157722,238,0.074292271,317,0.106469816,318,NULL,10.50502183,318,9.274703955,135
2023,Howard,49.78795589,205,36.92762186,31,71.35678392,200,7.959356478,216,51.05842506,223,33.81712627,162,69.60629921,71,9.075487701,209,36.4762931,213,36.84491979,167,55.19713262,66,47.48803828,94,0.097940623,124,0.122425779,358,NULL,10.6685322,321,10.75597919,30
2023,IUPUI,51.70603675,104,29.74137931,351,69.30501931,282,6.724303554,293,54.56292027,338,37.20238095,336,76.49918963,356,8.223972003,121,28.87367766,344,39.22942207,253,44.71879287,329,54.76772616,275,0.085082974,228,0.123223618,361,NULL,10.95321048,334,8.263806118,252
2023,Idaho,54.24901186,32,32,290,77.11267606,20,4.724409449,350,52.58092738,296,38.6569873,355,73.13432836,263,8.794466403,185,36.23188406,221,32.52656434,40,44.47476126,334,42.997543,27,0.066990869,349,0.088824931,141,NULL,8.336641524,122,9.428344581,115
2023,Idaho St.,51.34061569,119,33.28335832,208,73.34710744,126,7.181818182,264,52.63636364,299,32.54972875,92,79.35153584,363,6.752730884,25,39.84468339,111,33.45432547,52,48.84979702,228,47.16732543,86,0.083616798,244,0.081637702,59,NULL,9.054363288,198,9.450182448,112
2023,Illinois,55.08399646,19,30.79754601,335,67.91604198,309,13.82899628,8,45.13011152,17,33.44651952,140,70.4974271,112,8.222811671,120,41.88078109,64,30.45501551,16,46.79633867,280,43.90547264,34,0.098690944,118,0.09825998,253,NULL,8.533103485,142,8.61929645,207
2023,Illinois Chicago,47.85276074,278,33.19946452,214,65.70458404,339,12.02749141,41,51.11683849,226,34.25774878,205,72.23168654,212,11.96319018,349,43.30434783,47,34.49634215,86,56.56424581,42,55.27950311,288,0.090052453,183,0.087267326,120,NULL,9.701527178,265,10.62990298,37
2023,Illinois St.,50.04955401,193,33.62318841,189,79.28436911,6,9.519492294,126,52.58386219,297,33.73313343,156,69.88352745,82,9.811694747,268,40.61212478,93,37.68361582,194,46.81139756,279,49.06832298,136,0.085680174,224,0.100194302,276,NULL,11.79858136,356,8.146639511,273
2023,Incarnate Word,47.30368969,296,34.05088063,172,74.90421456,60,7.4598678,246,53.91879131,323,36.84210526,329,71.59309021,175,8.325449385,136,32.58928571,305,33.43808925,51,48.07121662,247,48.89178618,130,0.117090456,30,0.102197372,301,NULL,9.808893482,273,8.83313968,178
2023,Indiana,52.96864576,65,36.76470588,39,71.09634551,205,13.64687741,12,45.41249036,20,33.4180432,134,70.37037037,100,7.338225484,57,26.62750857,354,37.76391555,198,53.62173038,100,47.88732394,101,0.084549425,231,0.095794916,224,NULL,7.20544365,27,7.8301931,299
2023,Indiana St.,58.76383764,1,35.75297941,83,76.89873418,27,5.159332322,344,48.55842185,97,31.75033921,63,73.23717949,270,10.79335793,321,45.98903837,14,35.86374696,137,56.87693899,36,39.58810069,7,0.088967258,198,0.084959724,88,NULL,8.616198453,154,8.29559572,251
2023,Iona,50.44735031,172,36.16398243,70,73.1825525,128,14.63414634,3,47.17987805,52,29.74137931,15,70.53140097,115,6.675843083,23,31.97565543,311,34.66135458,91,53.06122449,115,51.57384988,201,0.107962771,61,0.077352637,39,NULL,7.445708376,34,10.01034126,64
2023,Iowa,52.08012327,87,34.01797176,173,73.7704918,110,8.345752608,192,52.53353204,293,36.5625,318,74.57627119,317,8.859784284,192,37.5060183,178,32.29061554,37,57.49202976,31,50.90521832,182,0.092944701,164,0.081326613,57,NULL,5.852073775,1,8.950230479,167
2023,Iowa St.,50.04016064,194,33.12401884,215,67.04761905,322,11.28084606,63,49.23619271,138,33.73493976,157,72.54601227,231,7.791164659,92,33.84697131,284,46.74593242,355,54.79616307,72,57.82414307,323,0.132751212,7,0.102538867,304,NULL,9.292584815,219,11.76450393,9
2023,Jackson St.,47.1291866,299,32.05521472,287,67.3566879,317,7.023705004,277,52.06321335,272,35.37414966,265,72.6844584,242,11.08452951,331,34.20776495,276,39.22091782,252,50.375,178,51.81711606,208,0.105900396,71,0.111066268,337,NULL,10.8483332,326,8.52369037,226
2023,Jacksonville,50.99009901,142,33.33333333,204,77.04918033,23,8.426966292,183,51.40449438,234,32.13773314,74,73.15789474,266,9.405940594,241,39.52095808,117,49.46770759,361,53.57142857,103,55.76271186,293,0.079037127,282,0.096600933,235,NULL,9.409181793,235,6.398243619,362
2023,Jacksonville St.,47.91183295,274,35.95166163,77,70.24793388,242,7.904642409,221,52.69761606,302,34.88975357,240,74.94600432,330,8.236658933,123,43.43832021,42,49.17091837,360,49.46236559,205,57.47460087,319,0.07427691,318,0.092577019,180,NULL,10.98006499,335,9.042406464,156
2023,James Madison,51.42095915,116,34.49319213,152,70.07194245,245,6.811989101,290,50.68119891,202,31.49847095,51,67.56272401,22,8.703374778,175,36.98936766,194,37.26495726,182,46.22057001,300,46.9895288,84,0.112780882,44,0.100452607,279,NULL,8.584131913,148,10.1365813,55
2023,Kansas,52.96191819,66,34.66850829,143,71.98748044,174,10.21307862,94,47.24467303,55,30.99730458,30,72.47706422,228,7.122708039,46,33.80018674,285,35.28292915,118,58.88223553,19,46.50630011,74,0.124651629,17,0.086509017,110,NULL,8.808190831,170,7.785811538,303
2023,Kansas St.,52.8174305,67,34.30851064,161,74.83355526,63,7.656967841,232,49.23430322,137,30.7591623,24,69.77363515,77,10.51840721,311,36.10177628,227,36.90821256,171,63.57960458,6,56.03644647,298,0.111962343,48,0.100339955,278,NULL,9.25916958,215,9.762806419,77
2023,Kennesaw St.,51.18733509,129,36.78832117,36,66.20795107,332,7.642725599,235,50.64456722,201,34.49275362,218,69.41896024,64,8.443271768,142,37.5960483,175,38.85135135,240,53.83693046,97,47.58883249,99,0.103964483,80,0.094148094,207,NULL,8.433170471,132,9.057849765,154
2023,Kent St.,51.42160845,115,33.20261438,213,72.33704293,159,12.3605948,35,47.86245353,69,30.97222222,28,72.36842105,222,7.717303006,80,38.32665331,147,40.08908686,281,45.20856821,316,50.67750678,174,0.122146063,19,0.075905053,30,NULL,8.68109517,160,10.03342658,61
2023,Kentucky,50,195,34.74714519,137,70.59724349,228,10.04823151,103,48.63344051,100,32.40875912,86,74.35008666,305,5.237430168,2,29.97555012,330,35.51062727,127,55.11302476,69,48.36759371,114,0.095732474,142,0.089612589,156,NULL,8.524124365,140,6.994153325,352
2023,LIU,44.76843911,344,32,290,66.59836066,326,8.01843318,210,54.56221198,337,37.35144312,338,68.34264432,31,9.262435678,228,24.3348475,362,35.18518519,115,56.69781931,38,59.2364532,339,0.085001423,229,0.122442526,359,NULL,10.47338962,317,8.247161876,258
2023,LSU,46.20087336,325,32.73972603,246,72.15189873,169,8.103130755,205,52.11786372,275,34.28201811,207,72.16312057,208,10.3930131,303,38.93333333,133,41.58149543,313,52.86458333,123,51.98555957,213,0.101384374,98,0.090473051,165,NULL,9.365552045,232,7.319679025,338
2023,La Salle,46.91075515,304,34.15977961,168,69.32409012,279,8.461538462,180,50.61538462,200,34.48275862,217,68.57142857,37,11.5942029,342,35.64064801,240,34.86973948,100,47.2769409,264,50.66815145,173,0.097315846,129,0.086266886,108,NULL,9.519104609,245,8.201728525,263
2023,Lafayette,48.35051546,262,32.71130626,249,62.60869565,359,9.412861137,131,50.60577819,199,34.13014608,193,69.83240223,81,9.175257732,214,48.43168527,4,41.23767798,305,68.83963494,1,55.25,287,0.088837017,199,0.096089018,230,NULL,8.33980159,123,9.382276788,122
2023,Lamar,47.47474747,283,31.875,296,71.08910891,206,9.893617021,114,54.46808511,335,34.14965986,196,67.44186047,20,10.28466483,296,30.59273423,325,43.88059701,346,52.68656716,125,64.35124509,362,0.0892863,191,0.122374753,357,NULL,8.981151399,188,8.193331101,267
2023,Lehigh,48.44357977,256,35,119,75.05197505,58,5.571030641,338,50.97493036,216,32.8125,103,68.43220339,33,8.073929961,106,33.59173127,289,34.84573503,99,48.23529412,241,47.56097561,98,0.084070996,239,0.088712953,137,NULL,8.613408808,153,8.200790422,264
2023,Liberty,56.26975764,9,36.33333333,59,71.69421488,183,6.221408966,311,48.49039341,93,33.48909657,143,73.33333333,272,8.640674394,170,48.67495944,3,37.00288184,174,58.30429733,26,41.0738255,12,0.093629053,155,0.088993951,144,NULL,7.045354469,21,9.594660363,93
2023,Lindenwood,45.73570759,332,36.20981387,66,73.13432836,132,9.649122807,123,52.04678363,271,35.22884882,259,69.24493554,53,8.24742268,125,35.64535585,239,41.27074986,306,45.72649573,311,54.94923858,280,0.083624716,243,0.103186053,308,NULL,9.193828398,210,9.389441768,121
2023,Lipscomb,53.50719424,51,36,74,76.30331754,33,7.009760426,279,49.42324756,150,34.30555556,209,75.34883721,341,7.643884892,75,37.77280358,167,38.98213319,244,48.80668258,232,40.7960199,11,0.072956392,325,0.087642419,130,NULL,8.527370491,141,8.337873369,248
2023,Little Rock,49.36305732,220,32.46268657,263,73.73029772,111,5.988593156,321,54.08745247,330,39.5173454,358,66.7192429,12,8.996815287,201,29.91071429,332,38.65889213,230,54.40806045,79,53.30926594,243,0.092610548,169,0.084618775,84,NULL,9.543117379,250,10.01322168,63
2023,Long Beach St.,49.46236559,216,30.15184382,346,67.76119403,312,9.098712446,143,48.84120172,107,34.20365535,200,73.22970639,269,6.85483871,30,23.65315546,363,39.66856551,269,50.85714286,165,55.1143201,285,0.093159421,162,0.099253963,268,NULL,8.793552846,169,8.924150165,170
2023,Longwood,49.53445065,215,34.27672956,163,71.60278746,188,7.119386637,271,50.49288061,193,34.74962064,233,72.62357414,240,9.590316574,255,37.19298246,189,41.92111959,318,48.26666667,239,53.1884058,240,0.096463826,135,0.0874672,126,NULL,9.046607522,195,11.99550169,6
2023,Louisiana,51.93415638,91,36.46017699,46,67.07132018,320,7.154605263,267,49.34210526,145,35.56405354,272,70.03367003,87,8.312757202,135,31.74157303,315,30.07475561,11,50.89605735,164,43.38422392,31,0.107230446,64,0.095992321,228,NULL,8.053989827,87,7.632560127,321
2023,Louisiana Monroe,41.57740993,362,34.19354839,167,70.85020243,217,10.26392962,92,50.34213099,184,35.98130841,287,73.7394958,289,10.6134372,313,37.64420158,172,38.55855856,225,51.17370892,155,53.88739946,260,0.093339317,161,0.09385217,201,NULL,9.282646323,218,8.308224886,250
2023,Louisiana Tech,50.34482759,181,34.46327684,153,71.83673469,178,8.743169399,163,51.14754098,228,38.51744186,354,69.52998379,67,10.83743842,324,41.09112014,79,42.91952589,336,46.22516556,299,59.75443383,343,0.109201434,58,0.098523961,257,NULL,9.997997974,288,10.38626974,45
2023,Louisville,47.25274725,297,32.89473684,228,74.0608229,94,8.014247551,211,54.94211932,343,35.1826793,256,72.23198594,213,10.25641026,294,35.76470588,236,39.68850698,270,41.75977654,354,56.10034208,300,0.067586464,346,0.104409434,313,NULL,11.83928405,357,8.390043815,241
2023,Loyola Chicago,54.79591837,24,33.43465046,200,69.74459725,263,8.901515152,155,51.70454545,251,34.3605547,214,75.9375,347,9.897959184,275,40.17094017,102,38.06451613,214,56.53896962,44,51.23537061,191,0.083218907,251,0.118408617,353,NULL,10.22403719,310,9.558285928,98
2023,Loyola MD,50,195,35.61643836,91,64.57023061,349,7.03564728,275,55.34709193,348,37.09677419,334,70.57654076,120,8.042635659,103,38.89875666,134,36.77342823,163,54,91,54.3902439,267,0.109297546,57,0.103977754,310,NULL,10.01088139,291,9.285455205,133
2023,Loyola Marymount,51.85185185,95,36.50793651,45,67.02702703,323,7.317073171,254,52.00348432,268,34.33098592,211,72.95492487,255,8.608608609,166,43.07692308,51,33.1002331,47,42.56926952,352,45.45454545,53,0.077324201,293,0.073983032,21,NULL,10.8826653,330,8.496115891,230
2023,Maine,51.18110236,130,33.75451264,185,72.22222222,164,5.810397554,331,54.33231397,332,34.61538462,229,71.52466368,169,8.661417323,173,35.2866242,251,36.83193818,166,51.06082037,161,52.12038304,214,0.135535565,5,0.086636459,112,NULL,10.04557716,295,6.750202639,357
2023,Manhattan,49.17874396,230,32.87671233,230,65.88235294,336,9.5684803,125,49.15572233,128,36.75496689,324,70.53045187,114,8.888888889,195,36.07164917,229,36.16766467,147,51.35520685,150,56.3002681,303,0.109629686,55,0.111138351,338,NULL,8.699970455,162,9.554880847,99
2023,Marist,46.94656489,302,32.81452659,239,69.77186312,261,10.48182587,85,45.13947591,18,35.02109705,250,71.7472119,180,8.301526718,132,42.38592633,57,37.53959873,191,47.91946309,252,48.53128991,117,0.08985347,186,0.087088748,117,NULL,9.353976592,229,7.833379412,298
2023,Marquette,58.16164818,4,35.30701754,101,71.76870748,180,8.365608056,187,50.348567,185,34.66494845,230,70.26578073,97,9.429477021,245,41.95032199,63,37.54233188,192,59.09090909,16,58.10663765,326,0.130428339,10,0.080628427,51,NULL,7.193320488,26,9.485697347,107
2023,Marshall,53.92996109,37,33.59893758,192,69.79362101,259,12.60700389,29,47.70428016,66,31.87311178,65,63.91941392,1,4.046692607,1,36.94798822,197,34.00102722,72,56.97674419,35,46.11650485,64,0.120329916,22,0.085068402,90,NULL,7.00822585,20,8.110148153,275
2023,Maryland,51.76954733,100,32.81690141,238,73.18181818,129,10.06144393,102,47.38863287,59,32.29508197,79,73.11233886,260,9.794238683,267,36.88311688,198,31.90376569,30,46.17169374,302,47.17444717,88,0.0843188,234,0.073723768,20,NULL,9.094069541,203,9.976988914,70
2023,Maryland Eastern Shore,46.81081081,309,32.50825083,260,71.51767152,195,5.053763441,346,51.39784946,233,32.90676417,106,71.45669291,164,10.48648649,308,39.58197257,116,37.03452945,175,55.23809524,65,55.01519757,281,0.144020977,3,0.09757943,244,NULL,11.37556992,348,10.54066571,39
2023,Massachusetts,45.16374714,340,32.79279279,244,71.59468439,190,11.19473189,68,50.51740357,194,33.10533516,120,71.25645439,154,8.225437928,122,29.71092077,336,40.74693423,292,54.58064516,76,59.17843389,338,0.096326689,137,0.109565902,330,NULL,9.267449226,216,9.587016441,94
2023,McNeese St.,49.21465969,227,32.41469816,265,66.84587814,324,5.065502183,345,52.13973799,278,39.66480447,360,71.64869029,177,6.980802792,37,39.93710692,109,38.47393874,221,44.38964242,336,62.31555051,359,0.10287507,86,0.101101362,286,NULL,11.52910267,351,8.203399977,262
2023,Memphis,53.05985205,63,35.30377668,102,74.69717362,67,13.09030655,21,47.14167357,51,30.76074972,25,73.86519945,292,9.482178884,251,29.05534351,340,42.90444655,334,54.38247012,80,55.4245283,290,0.117825513,27,0.099036062,264,NULL,8.376963351,127,9.003278368,163
2023,Mercer,48.84488449,240,32.70676692,250,69.07630522,286,5.840071878,327,48.42767296,90,32.98429319,113,72.60726073,238,6.105610561,9,30.50458716,327,33.98576512,71,46.99738903,275,45.46703297,54,0.080502651,276,0.087374828,123,NULL,9.424700569,236,9.326526605,125
2023,Merrimack,48.21621622,267,32.31622746,270,68.71704745,294,10.51738762,83,48.85496183,108,32.98059965,112,71.42857143,160,11.24324324,338,43.80315917,38,32.4742268,39,57.43740795,32,60.02621232,346,0.165617985,1,0.098161222,252,NULL,10.93264791,333,9.397425013,119
2023,Miami FL,53.79310345,43,36.82119205,34,78.43426883,10,8.443465492,181,51.83553598,259,33.45070423,141,74.06015038,299,8.620689655,167,34.24036281,275,38.48238482,222,50.56710775,174,54.38950555,266,0.105483687,73,0.08516831,91,NULL,7.540130194,43,7.540130194,326
2023,Miami OH,53.77358491,44,32.93233083,225,79.38342967,4,7.136150235,269,54.08450704,329,35.39232053,266,73.4197731,276,8.280922432,129,41.07473749,80,35.99759615,140,52.86885246,122,49.87309645,157,0.075704751,304,0.110568782,335,NULL,8.616396055,155,10.2101803,52
2023,Michigan,50.96,144,35.08064516,114,71.05691057,210,11.39332366,57,48.04063861,77,31.72119488,60,69.7761194,78,7.04,40,37.31193581,184,33.78183566,67,46.10244989,306,45.19774011,49,0.067424481,347,0.0768127,34,NULL,7.510575082,39,7.68126997,313
2023,Michigan St.,48.15668203,269,39.25233645,3,75.9469697,38,8.347107438,191,48.67768595,102,32.36459709,83,72,200,8.986175115,199,33.02469136,297,38.48500254,224,56.54152446,43,53.5971223,251,0.07131704,333,0.085491855,98,NULL,7.840444735,71,7.663259543,315
2023,Middle Tennessee,51.00788782,140,34.29027113,162,68.46153846,299,13.94495413,7,50.18348624,177,36.29893238,303,75.65674256,345,8.413672217,140,35.4638009,247,34.01937046,73,41.40526976,357,45.80559254,58,0.110945729,51,0.097077513,241,NULL,9.612108387,256,10.71200139,33
2023,Milwaukee,51.47826087,112,34.22535211,164,74.07407407,92,14.24914676,6,48.97610922,115,31.42857143,47,73.72881356,287,9.913043478,277,38.17204301,154,41.74950298,316,48.74251497,234,49.40334129,145,0.087215673,213,0.113511855,344,NULL,10.08020336,299,8.896875137,174
2023,Minnesota,49.20782852,228,32.48730964,261,61.9140625,363,9.717868339,121,49.05956113,121,35.86206897,285,70.71583514,132,10.25163094,293,35.51682692,244,31.25,23,63.05555556,9,51.91846523,210,0.069974983,338,0.101292458,288,NULL,9.493109544,244,7.780435142,305
2023,Mississippi,48.57369255,250,30.2533532,344,69.5035461,271,10.01628664,104,48.94136808,112,33.79844961,161,74.47183099,310,7.290015848,55,34.71288153,263,34.43673251,80,52.94117647,120,56.04395604,299,0.106486621,68,0.106033487,317,NULL,7.61266058,49,7.3860933,334
2023,Mississippi St.,50.35516969,180,26.60687593,363,64.73282443,347,11.25,66,45.76923077,28,31.14956737,36,71.56862745,171,8.050513023,104,34.55578512,266,43.75338021,342,59.06862745,17,58.24175824,329,0.130851034,9,0.09557038,221,NULL,9.824992324,275,8.619197812,208
2023,Mississippi Valley St.,42.81018899,358,34.9137931,125,66.51017214,327,6.007393715,320,52.95748614,305,35.83569405,284,68.49507736,34,9.120788825,211,27.60261749,350,39.48545861,263,46.99853587,274,53.51089588,248,0.10999375,53,0.130901653,363,NULL,10.40849952,313,8.544969036,222
2023,Missouri,55.80808081,14,35.95132743,78,75.82236842,42,8.438061041,182,52.24416517,283,34.95475113,245,75.10980966,335,6.818181818,26,43.21223709,48,44.24424424,347,56.47773279,46,57.23905724,315,0.144762252,2,0.087587245,128,NULL,7.055639189,22,9.52916787,101
2023,Missouri St.,50.87001024,146,32.79352227,243,62.60683761,360,13.52705411,14,49.498998,155,32.60530421,95,72.08835341,203,9.621289662,258,43.13154831,50,39.10921293,249,48.64864865,236,48.64864865,124,0.097948412,123,0.099978431,275,NULL,9.13508507,204,8.830582235,179
2023,Monmouth,44.02877698,348,28.75536481,359,66.66666667,325,8.512820513,177,53.43589744,317,37.03256936,332,71.85714286,190,9.352517986,234,25.10775862,359,45.95343681,353,52.94906166,118,55.9178744,297,0.123182586,18,0.100584342,280,NULL,11.03326041,336,8.640505137,203
2023,Montana,52.39583333,80,37.26415094,28,78.92473118,7,7.163886163,266,52.50245339,290,32.48175182,88,77.27272727,360,7.083333333,44,39.84962406,110,34.97128271,105,49.45945946,206,46.1430575,66,0.073113345,323,0.077780154,40,NULL,9.489178836,243,8.555816983,217
2023,Montana St.,52.56298871,73,31.83391003,300,75.78947368,43,8.669527897,168,48.75536481,105,34.60898502,228,74.03225806,298,5.560382276,4,33.42972817,293,34.03171008,74,49.80988593,193,40.20618557,9,0.095440798,146,0.083342668,71,NULL,9.454463986,239,10.52985325,41
2023,Morehead St.,47.04081633,301,34.76190476,135,72.9390681,136,8.927038627,153,50.72961373,206,31.85185185,64,74.41364606,308,9.897959184,275,39.13043478,127,31.67155425,27,55.14705882,68,42.85714286,24,0.07782052,290,0.091969706,175,NULL,9.146437753,205,7.630453595,322
2023,Morgan St.,44.9339207,342,36.30705394,61,68.06387226,306,11.17533719,71,52.50481696,291,31.43939394,48,68.09160305,28,9.603524229,256,29.80828695,335,33.7164751,65,54.16058394,87,55.83684951,296,0.117496422,28,0.118500665,354,NULL,10.14285356,307,12.00070297,4
2023,Mount St. Mary's,45.82256675,331,35.96638655,76,73.62637363,118,6.506849315,301,48.03082192,75,33.68740516,152,72.28464419,218,8.26873385,127,33.88382688,282,36.07006021,144,52.68096515,126,49.29757344,142,0.081905961,260,0.116739531,350,NULL,9.084971551,200,9.69691264,85
2023,Murray St.,49.11541702,235,32.52595156,258,74.06143345,93,7.149489322,268,53.11049211,308,33.37612323,132,72.40618102,225,7.582139848,72,32.74787535,302,41.97198276,320,48.11932555,243,52.88461538,234,0.07674844,299,0.084852313,86,NULL,7.770183708,62,7.960863062,291
2023,N.C. State,51.09329446,137,34.69135802,141,72.2323049,163,11.84723305,46,50.97427903,215,31.63580247,58,73.82039574,291,6.851311953,28,37.12190651,190,33.5577421,60,44.09368635,339,45.75087311,57,0.111699001,49,0.0718065,11,NULL,6.130847401,6,7.684555304,312
2023,NJIT,46.09236234,327,35.17495396,106,67.51592357,316,7.626310772,236,53.19351764,313,34.02366864,182,67.56756757,23,8.880994671,193,32.53445177,308,39.1884058,251,45.07042254,321,49.74619289,154,0.079219053,280,0.075130328,26,NULL,8.535214147,145,6.950833078,354
2023,Navy,49.27272727,224,36.87600644,32,70.58823529,229,7.90513834,220,49.80237154,168,34.19773096,199,65.16393443,6,8.636363636,169,36.08367228,228,37.87599754,206,56.16083009,55,54.40559441,269,0.104278485,78,0.088432245,136,NULL,8.485406124,139,9.098808976,150
2023,Nebraska,53.39805825,54,32.57229833,256,64.08730159,352,7.214611872,262,49.04109589,120,34.08018868,189,69.41176471,63,12.0917917,352,36.70391061,204,43.64384972,340,51.03785104,162,59.56416465,342,0.081001768,271,0.098391978,254,NULL,8.74086871,165,9.564615499,96
2023,Nebraska Omaha,47.71615008,280,33.65949119,188,78.05825243,15,8.356807512,190,52.01877934,269,36.54891304,317,75.04159734,332,8.23817292,124,29.41853771,338,40.86618545,299,47.42404227,261,52.36938032,224,0.075051332,310,0.104316632,311,NULL,8.071558377,90,8.26036676,253
2023,Nevada,50.18450185,187,34.40860215,155,79.3814433,5,9.338521401,134,50,172,33.02139037,115,73.58156028,284,8.671586716,174,37.52161383,177,42.11711712,324,58.72395833,20,53.21944809,242,0.088396767,203,0.075438079,27,NULL,7.728932007,59,9.626454237,91
2023,New Hampshire,42.7672956,359,33.3836858,203,69.0376569,288,6.765523633,292,50.0463392,174,31.39534884,46,70.06237006,88,8.490566038,150,40.96534653,82,32.35109718,38,50.07949126,183,39.45868946,6,0.078886405,285,0.085370219,95,NULL,6.483814104,13,8.320894766,249
2023,New Mexico,52.38424326,81,35.5513308,94,73.83419689,108,9.975864843,109,50.76427997,207,33.37547408,131,70.46632124,108,6.841741534,27,26.65990877,353,38.88888889,241,46.87830688,277,52.40223464,225,0.092737156,166,0.081040578,53,NULL,7.477455368,37,8.229378254,259
2023,New Mexico St.,48.76140808,245,35.07972665,115,68.25775656,304,7.309486781,258,52.41057543,287,36.75373134,323,72.24770642,216,7.561929596,70,36.4013267,216,45.46225615,350,44.6969697,332,49.43820225,146,0.094431095,150,0.074870368,25,NULL,10.8595759,327,9.645461827,90
2023,New Orleans,51.05307498,138,37.8600823,14,70.81967213,219,5.9566787,323,54.06137184,327,36.17693523,296,74.49567723,312,5.897219882,5,29.04961148,341,36.3584147,151,55.18987342,67,49.27536232,141,0.090110694,180,0.119842649,356,NULL,11.57259171,352,11.16091849,16
2023,Niagara,50.14520813,189,33.76383764,184,72.03389831,173,6.171735242,313,48.03220036,76,36.00823045,290,72.9981378,258,10.35818006,299,34.41269841,273,30.29925187,12,45.07845934,320,44.1011236,37,0.084346994,233,0.085388315,96,NULL,10.10081288,304,8.590897554,213
2023,Nicholls St.,50.47169811,170,33.33333333,204,64.11378556,351,8.425720621,184,51.44124169,238,36.16636528,295,73.98843931,295,8.20754717,117,35.91293833,232,38.00687285,210,47.88540246,253,59.93975904,344,0.129770648,12,0.083423988,73,NULL,10.19626523,309,10.76272441,29
2023,Norfolk St.,53.83123181,40,32.73381295,248,75.43859649,50,12.02312139,42,48.32369942,87,34.85639687,237,68.91891892,45,7.759456838,87,35.03465658,254,46.96505212,356,46.54002714,293,62.04379562,358,0.100455984,104,0.101470691,290,NULL,9.639715628,258,8.929420793,168
2023,North Alabama,49.12891986,234,35.79638752,81,70.51039698,232,7.672188317,231,49.60767219,159,37.55656109,343,71.47826087,167,10.36585366,300,34.66135458,264,36.62983425,155,40.79283887,359,51.95599022,212,0.077153879,295,0.08001143,46,NULL,7.810639615,67,7.382006953,335
2023,North Carolina,50.7223114,157,31.15845539,322,74.15426252,88,9.336250912,135,48.35886214,88,32.97213622,110,70.75471698,134,9.069020867,207,37.60640961,173,32.02776401,32,45.84295612,310,42.00913242,18,0.075904176,303,0.080621385,50,NULL,7.161580479,25,7.204464195,346
2023,North Carolina A&T,46.47749511,316,32.51445087,259,68.34951456,301,7.909090909,219,50.72727273,205,33.57452967,145,74.55968689,315,8.414872798,141,40.37339557,94,38.58179788,227,45.14285714,318,50.25316456,160,0.096117302,139,0.074049554,22,NULL,10.10212463,305,6.080890556,363
2023,North Carolina Central,50.10460251,191,34.97053045,122,71.05788423,209,8.54978355,175,49.89177489,170,31.34615385,44,69.140625,50,11.92468619,347,34.7440273,261,36.01108033,142,51.14155251,159,54.48717949,270,0.1023767,89,0.1023767,303,NULL,12.372799,362,11.38735484,11
2023,North Dakota,50.59760956,162,34.36724566,156,69.09090909,285,6.570512821,298,53.04487179,307,36.36363636,305,74.70588235,322,9.06374502,206,44.53038674,28,31.42857143,24,44.7133758,331,40.34482759,10,0.061889155,358,0.086928278,114,NULL,8.031417014,83,9.30699501,129
2023,North Dakota St.,52.19378428,85,33.88059701,179,71.47887324,197,7.520661157,244,50.5785124,198,34.22222222,201,76.07843137,351,7.404021938,62,37.98185941,159,35.80901857,134,43.23308271,349,42.70462633,23,0.056409599,363,0.095569982,220,NULL,7.319262013,30,6.806447477,356
2023,North Florida,52.19347582,86,36.39705882,53,71.95876289,175,8.364732479,188,52.07234363,274,35.51912568,271,73.40909091,275,10.01124859,285,47.85923754,6,29.26439232,7,47.17477004,267,52.14446953,215,0.067320484,348,0.098505708,255,NULL,7.474553723,36,7.227051944,344
2023,North Texas,49.5806151,214,35.67708333,87,76.66666667,29,9.123117803,142,44.19840567,7,30.14827018,18,68.81258941,41,7.176141659,49,41.71645845,66,34.96543779,104,49.50372208,204,42.37536657,21,0.108761399,59,0.088944703,142,NULL,10.87613989,329,9.07881169,151
2023,Northeastern,46.86623012,306,33.22834646,211,68.49894292,298,9.967585089,110,49.18962723,133,34.88372093,238,71.4801444,168,8.886810103,194,37.26525822,186,29.48571429,8,52.9494382,117,45.48919949,55,0.073402179,321,0.11182748,341,NULL,10.09895747,303,7.093901831,348
2023,Northern Arizona,48.60426929,247,35.72377158,86,74.62962963,71,4.332129964,359,55.68592058,350,36.49425287,315,74.24892704,301,8.538587849,156,38.20395738,152,38.58093126,226,49.70963995,197,52.35361653,222,0.074506368,315,0.072302037,15,NULL,8.685061804,161,9.787227007,76
2023,Northern Colorado,50.97674419,143,36.40226629,52,74.82142857,64,4.267310789,360,54.50885668,336,33.44,139,72.46621622,227,10.79069767,320,39.64065132,114,33.47616497,55,44.09937888,338,48.53273138,118,0.065480033,353,0.077008208,37,NULL,9.775892281,272,7.470257309,329
2023,Northern Illinois,52.07156309,88,34.89499192,126,64.81802426,345,6.183745583,312,51.67844523,249,32.6625387,99,69.49685535,65,8.56873823,160,36.82331945,199,36.33295838,150,47.85435631,254,48.36683417,113,0.088141545,206,0.098511138,256,NULL,10.41672804,314,9.756844815,78
2023,Northern Iowa,51.70777989,103,33.73313343,186,69.90654206,254,4.590163934,353,53.55191257,319,36.00493218,289,72.86652079,248,7.210626186,53,38.7565369,136,46.98725377,357,46.1038961,305,52.30179028,221,0.090969393,177,0.098550175,258,NULL,7.817682176,68,9.239078935,138
2023,Northern Kentucky,47.38738739,293,34.33029909,157,70.75098814,225,7.977207977,213,49.28774929,143,36.39097744,308,70.61068702,124,7.387387387,61,40.92602448,84,38.70779977,231,54.30379747,82,60.18396846,351,0.140863318,4,0.086214004,107,NULL,8.715623344,163,9.280961074,134
2023,Northwestern,46.6838932,311,32.09417596,282,75.68493151,46,12.61950287,27,46.84512428,42,33.77483444,160,68.24561404,30,9.732988803,263,41.00609756,81,41.92115491,319,54.18227216,86,61.34228188,356,0.119968997,23,0.069195601,3,NULL,7.773272076,63,9.256034957,136
2023,Northwestern St.,49.79389942,204,35.82887701,80,69.66292135,264,6.399317406,304,51.79180887,255,32.8836425,105,74.81698389,325,8.491343776,151,38.14380418,155,33.59773371,62,45.98623853,308,51.74563591,205,0.117217449,29,0.079962291,45,NULL,9.2683564,217,9.31378952,128
2023,Notre Dame,50.6232023,161,35.83227446,79,76.29107981,34,7.317073171,254,52.39697225,286,34.32392273,210,74.49392713,311,9.87535954,273,43.00546448,52,36.14393126,146,46.79012346,281,50.70257611,175,0.071377587,332,0.07328099,19,NULL,6.043302403,5,6.471567928,360
2023,Oakland,51.26353791,123,30.5785124,340,78.10344828,14,7.173725151,265,53.93258427,324,37.43315508,342,76.22377622,352,8.303249097,133,39.58560523,115,39.26509186,255,46.20253165,301,61.94690265,357,0.101711805,94,0.08201087,64,NULL,6.918235392,17,8.521799887,227
2023,Ohio,50.12244898,190,37.33681462,25,73.67458867,114,5.686789151,336,51.88101487,261,34.10958904,192,68.66141732,38,8.571428571,161,38.47312908,144,38.97490657,243,42.88888889,351,46.67458432,78,0.095739802,141,0.083213099,69,NULL,7.829189455,69,8.008142357,285
2023,Ohio St.,50.57061341,164,36.76923077,38,73.94495413,102,10.19305019,98,49.26640927,140,32.09054594,71,72.29965157,220,7.061340942,42,31.67641326,316,36.70576735,160,43.24894515,348,49.14675768,138,0.077874164,289,0.070560016,8,NULL,9.078148445,199,8.08858724,277
2023,Oklahoma,52.19831618,83,35.10971787,109,73.48927875,122,7.589984351,239,48.51330203,94,31.21693122,41,70.27027027,99,9.915809167,278,37.3755126,183,30.73170732,21,53.32480818,106,42.91091593,26,0.08546809,226,0.106484833,319,NULL,9.340774817,228,6.958877239,353
2023,Oklahoma St.,50.28022418,185,30.99121706,329,69.42771084,275,13.72239748,11,44.55835962,11,31.55940594,52,75.15822785,337,7.526020817,67,38.9540567,132,38.92100193,242,51.65714286,145,52.19512195,218,0.082714998,255,0.111503061,340,NULL,9.447350282,237,10.54210761,38
2023,Old Dominion,46.10878661,326,31.49606299,310,68.01948052,307,11.47028154,54,48.8008342,106,31.72804533,61,66.89774697,13,9.874476987,272,29.82971227,334,42.4024024,326,44.30379747,337,56.64739884,310,0.098767308,117,0.089650326,158,NULL,8.154634149,100,7.85073474,297
2023,Oral Roberts,55.94671741,12,36.57718121,43,78.13163482,13,13.45329906,15,46.78663239,41,34.30079156,208,71.77033493,186,8.182683159,115,45.96401028,15,39.37662338,258,48.08743169,245,46.02977667,62,0.09423012,152,0.072273588,14,NULL,5.992303778,4,8.004985963,286
2023,Oregon,53.05466238,64,32.04005006,288,69.52526799,270,13.13813814,19,45.12012012,16,33.67217281,151,76.72583826,358,7.154340836,48,39.10915321,128,37.14016045,180,52.07423581,139,50.92378753,184,0.083610649,245,0.09109817,168,NULL,9.193011647,209,8.069883527,279
2023,Oregon St.,45.68273092,333,31.9112628,294,75.41899441,51,8.843537415,158,49.07677357,123,33.6906585,153,71.57894737,174,10.24096386,291,37.04171934,193,38.82282996,238,46.72897196,282,58.06896552,325,0.082215841,259,0.099655565,272,NULL,10.81262885,325,10.01538433,62
2023,Pacific,49.5949595,212,38.40682788,9,72.71214642,142,7.339449541,251,55.13761468,346,34.94623656,244,67.16641679,16,8.550855086,157,38.75413451,137,40.56706652,290,47.13763703,268,48.89663182,131,0.075458058,306,0.075909902,31,NULL,8.675417392,159,10.43761155,44
2023,Penn,52.65700483,70,36.23639191,64,74.14141414,89,9.451219512,129,49.08536585,124,32.98565841,114,68.37294333,32,8.405797101,139,38.31942789,148,43.80354083,344,53.98457584,93,51.35869565,196,0.078500981,286,0.095501194,219,NULL,9.300116251,222,7.000087501,351
2023,Penn St.,53.13620072,60,38.69346734,7,73.94209354,103,5.830258303,328,49.15129151,127,32.72058824,101,70.57761733,121,9.408602151,243,47.13405969,10,37.58636573,193,51.94274029,143,55.09110397,283,0.066468157,351,0.071422305,10,NULL,6.564246531,14,6.440392823,361
2023,Pepperdine,51.63793103,107,35.12269939,108,71.48760331,196,8.921330089,154,51.58150852,244,36.29032258,302,70.08264463,90,5.344827586,3,35.98233996,230,33.45925526,53,50.12077295,182,46.92218351,83,0.07318294,322,0.094355363,208,NULL,8.929239231,182,9.297455282,131
2023,Pittsburgh,51.3582343,118,35.99114064,75,75.87719298,41,11.43079316,55,48.13374806,83,32.65550239,97,70.23255814,94,10.10186757,287,43.39259971,43,39.39679548,259,54.7311828,74,53.69955157,254,0.075505967,305,0.074281545,23,NULL,8.897459836,178,9.019901944,159
2023,Portland,51.72043011,102,37.38680466,24,74.45652174,78,6.290471785,308,53.19148936,312,37.38095238,341,67.85714286,27,6.23655914,13,45.39048738,20,43.7272254,341,57.14285714,34,49.38132733,144,0.068213132,342,0.087638064,129,NULL,9.3058975,224,10.11903417,57
2023,Portland St.,49.6803653,207,32.95638126,224,73.15436242,130,8.812260536,159,54.98084291,345,36.76190476,326,74.14500684,300,6.210045662,11,36.11435239,226,33.46080306,54,50,185,54.23728814,264,0.088988296,196,0.070807892,9,NULL,9.712163528,267,12.43922422,1
2023,Prairie View A&M,44.02730375,349,30.87248322,334,67.6369863,313,10.08482564,101,47.31385485,58,33.33333333,129,71.93500739,193,10.75085324,318,33.71040724,286,34.46571958,81,47.42857143,260,49.70930233,153,0.103865923,83,0.081575063,58,NULL,11.47742161,350,10.86086591,24
2023,Presbyterian,47.32142857,295,31.53310105,307,62.04506066,362,9.064327485,146,51.94931774,265,38.47549909,352,66.28849271,9,12.1031746,353,36.28318584,218,34.93975904,102,46.65653495,290,47.91946309,102,0.081243693,267,0.10730299,323,NULL,10.06604244,297,10.27042908,49
2023,Princeton,53.33333333,56,33.70165746,187,71.24304267,203,8.235294118,200,48.06722689,81,32.70547945,100,69.53907816,69,9.619047619,257,40.81172492,87,32.9199549,44,48.25870647,240,43.64351245,32,0.066617588,350,0.083030618,68,NULL,8.158240909,101,7.96514645,290
2023,Providence,50.78066914,154,34.6031746,146,74.19804742,86,11.17870722,70,49.20152091,135,33.83458647,164,74.50199203,313,9.665427509,259,31.89873418,314,33.58585859,61,53.49611543,105,48.05045872,104,0.098495868,121,0.086728662,113,NULL,8.193461574,109,7.016741029,350
2023,Purdue,54.06538139,33,32.16689098,276,74.44444444,80,9.86993114,115,47.20734507,53,31.38075314,45,73.77892031,290,8.633696563,168,38.37809917,146,35.42490119,124,61.31221719,13,51.3064133,193,0.073634191,320,0.095369585,217,NULL,7.673924736,54,8.073146254,278
2023,Purdue Fort Wayne,50.80213904,152,33.4939759,196,71.73913043,182,6.077348066,317,55.24861878,347,31.17066291,37,72.39709443,224,11.01604278,329,47.02549575,11,39.49860724,264,49.66799469,199,46.52862363,75,0.099726346,109,0.096402135,232,NULL,9.307792308,225,7.693175275,311
2023,Queens,50.45500506,171,34.78818999,133,72.23974763,162,5.867126833,326,52.97670406,306,35.33834586,263,71.76724138,185,12.63902932,358,44.06108597,34,36.45833333,153,50.90909091,163,48.29210836,111,0.08420953,237,0.091778926,173,NULL,8.468261759,136,7.238234911,342
2023,Quinnipiac,47.42807323,291,36.10315186,72,66.50246305,328,6.576728499,297,48.48229342,92,31.64739884,59,70.07874016,89,10.89799477,326,37.83197832,164,36.84771033,168,50,185,48.23677582,110,0.086564639,218,0.093010941,187,NULL,8.84064394,173,7.827653488,300
2023,Radford,50.30721966,183,35.57377049,93,68.64244742,296,8.333333333,194,52.86738351,304,34.03614458,185,68.52173913,35,7.296466974,56,31.90376569,313,37.30337079,183,45.87155963,309,48.03921569,103,0.105416747,74,0.087319451,121,NULL,9.59156666,255,9.682053138,86
2023,Rhode Island,43.56435644,352,30.37974684,343,74.42572741,82,10.00841043,105,49.6215307,160,32.06951027,70,69.49740035,66,13.61386139,360,31.33144476,319,34.74204171,94,49.85632184,192,51.19798235,188,0.092833401,165,0.099364394,270,NULL,10.4495889,316,7.977141524,289
2023,Rice,53.68814192,49,34.74358974,139,73.87687188,106,6.270358306,310,53.99022801,326,37.31543624,337,69.68503937,74,7.936507937,99,42.13938412,60,37.75975672,197,54.25531915,83,46.01487779,61,0.076977328,297,0.09622166,231,NULL,8.397526666,129,8.441263784,236
2023,Richmond,52.44755245,78,33.03797468,219,74.4500846,79,6.896551724,285,49.69053935,164,32.93963255,108,72.58064516,237,9.390609391,238,44.10943607,31,40.25356577,285,51.14503817,158,49.81549815,155,0.084956707,230,0.089002264,145,NULL,8.181016222,105,8.630522607,206
2023,Rider,49.31617056,221,33.33333333,204,73.46938776,123,6.873614191,287,47.45011086,62,36.16071429,294,64.47368421,4,7.723250201,82,25.79104478,357,42.69377382,330,43.32892999,345,52.1609538,217,0.078040094,288,0.092705346,184,NULL,8.589647903,151,8.79915151,186
2023,Robert Morris,50.35523979,179,31.43297381,312,72.38493724,156,11.16794544,73,47.3998295,60,36.24772313,299,72.94776119,254,7.904085258,97,36.56338028,210,31.8815331,28,53.95590143,94,44.50331126,39,0.097463781,127,0.101784835,294,NULL,9.362284397,231,9.314272683,127
2023,Rutgers,47.86324786,277,32.07236842,285,70.01763668,247,12.37016053,34,46.93106704,46,30.77889447,26,68.76227898,40,9.472934473,249,30.21868787,328,42.91105121,335,59.05420992,18,56.19946092,301,0.131093995,8,0.088278784,134,NULL,8.298205734,119,8.607181479,210
2023,SIU Edwardsville,48.52398524,254,32.30769231,271,73.63896848,117,10.60606061,81,48.12834225,82,33.64779874,150,72.57799672,235,8.210332103,119,37.48558247,180,36.1774744,148,47.96195652,250,46.68435013,80,0.094839577,148,0.087327531,122,NULL,9.765659387,270,9.671758816,87
2023,SMU,47.83974863,279,31.11455108,325,67.35015773,318,9,150,51.41666667,236,34.88700565,239,70.88,140,11.94029851,348,33.66336634,287,37.10691824,179,53.82716049,98,57.29166667,316,0.098517336,119,0.098081418,251,NULL,8.19524741,111,8.805531792,183
2023,Sacramento St.,50,195,34.87972509,127,70.73170732,226,6.958762887,282,51.63230241,246,35.65891473,277,73.96313364,294,7.670454545,76,35.53113553,243,30.71428571,20,55.95075239,56,44.84076433,44,0.067693699,344,0.101798921,295,NULL,10.59328876,319,7.699512321,310
2023,Sacred Heart,49.79757085,203,30.61516452,339,67.54221388,315,8.580858086,173,49.669967,161,34.1325811,194,71.11984283,150,8.016194332,102,36.14270941,224,36.90786049,170,51.14595899,157,53.31753555,244,0.107594727,62,0.105380843,315,NULL,8.235645734,117,8.634144722,205
2023,Saint Joseph's,50.86705202,147,32.87981859,229,70.3196347,236,9.613656783,124,50.13477089,176,34.07407407,188,70.63492063,128,11.56069364,340,45.9375,16,42.12168487,325,48.77750611,233,58.87290168,334,0.093601209,156,0.097934598,249,NULL,8.450109147,134,9.576790367,95
2023,Saint Louis,51.8231187,97,35.20900322,104,72.6618705,145,10.72635135,79,46.62162162,38,34.02203857,181,72.11538462,206,8.456167572,143,32.54840398,307,38.0104712,212,58.51183766,22,53.19148936,241,0.071596375,331,0.091285379,170,NULL,8.144087706,98,8.18883544,268
2023,Saint Mary's,50.75125209,155,36.11510791,71,69.30693069,280,10,106,45.71428571,23,33.33333333,129,74.95219885,331,10.35058431,298,36.71421025,203,32.03883495,33,49.0104773,220,37.34610123,3,0.105762572,72,0.070508381,7,NULL,9.34007131,227,8.65330136,200
2023,Saint Peter's,44.11247803,347,29.03225806,357,68.8,290,10,106,48.4375,91,34.26966292,206,72.00520833,201,12.03866432,350,35.26734926,252,35.74297189,133,46.62756598,291,49.69135802,151,0.098820773,116,0.072842116,16,NULL,12.32712732,361,9.882077274,73
2023,Sam Houston St.,47.15525554,298,37.82894737,16,68.54990584,297,7.5,245,46.625,39,34.44283647,216,69.64285714,72,8.775313404,180,36.96048632,196,46.34473508,354,49.09596662,217,56.30114566,304,0.113716051,38,0.087435008,124,NULL,11.16944323,338,11.77592884,8
2023,Samford,52.6439483,71,36.41456583,50,75.07788162,56,8.468677494,179,48.95591647,114,37.01015965,331,70.84048027,138,7.755581669,86,45.62300319,17,44.42295293,348,45.05649718,322,57.6070901,321,0.113953563,37,0.093513462,193,NULL,8.533742135,143,8.380441378,244
2023,San Diego,50.40286482,176,34.84375,130,76.79558011,28,4.929577465,348,55.93561368,352,40.98591549,363,67.13532513,15,7.788719785,91,36.42572567,215,41.66666667,314,45.29262087,314,60.44864227,354,0.087736401,208,0.07555079,28,NULL,8.432442971,131,8.529927861,225
2023,San Diego St.,48.44074844,257,34.00809717,175,72.45179063,154,11.72248804,51,49.28229665,141,28.26347305,4,75.11885895,336,7.9002079,96,33.92857143,281,39.97127812,278,50.26288118,180,46.60421546,77,0.100931258,101,0.092683957,183,NULL,8.01166404,81,8.993485614,165
2023,San Francisco,52.58264463,72,36.42172524,48,74.63414634,70,6.628477905,294,49.34533552,146,33.94216134,175,76.81564246,359,8.574380165,163,49.23964342,2,34.96540713,103,48.88366627,225,45.15738499,47,0.092690975,167,0.095253859,215,NULL,10.08067746,300,8.372088056,245
2023,San Jose St.,50.79646018,153,32.82247765,236,67.88461538,310,11.81744091,48,46.53626732,37,34.52914798,219,76.42725599,355,7.699115044,79,40.93047569,83,35.28481013,119,48.85679904,226,51.12219451,186,0.064367869,355,0.080112528,48,NULL,10.65079852,320,6.71463385,358
2023,Santa Clara,50.16025641,188,37.55274262,21,70.28380634,240,9.725685786,120,48.71155445,103,35.9947644,288,73.14629259,264,6.730769231,24,36.29402757,217,38.84087443,239,49.27211646,211,50.75493612,176,0.082419668,257,0.088058908,133,NULL,8.588996974,150,8.415481884,239
2023,Seattle,46.37537239,320,30.87330873,333,71.3559322,201,8.377425044,186,48.94179894,113,32.33333333,82,70.76124567,135,10.52631579,312,44.67032967,27,34.60207612,88,48.05013928,248,51.8024032,207,0.080950578,272,0.08663132,111,NULL,8.189736792,108,9.704601401,84
2023,Seton Hall,48.97260274,239,32.80141844,240,68.44380403,300,11.93895871,43,47.66606822,64,31.62650602,56,73.09090909,259,12.07191781,351,32.56351039,306,37.34533183,185,51.38705416,149,54.65587045,273,0.120696432,21,0.102661333,306,NULL,9.849938727,277,9.063793383,153
2023,Siena,47.67241379,282,34.97536946,121,73.6497545,115,10.48895899,84,49.44794953,153,33.46774194,142,68.55670103,36,8.706896552,176,34.42622951,272,28.11791383,3,53.13315927,112,42.87515763,25,0.083958091,240,0.113181072,343,NULL,8.163880626,102,10.06569373,60
2023,South Alabama,53.44537815,53,34.50210379,151,69.17647059,284,10.21307862,94,47.90595151,72,28.96174863,7,71.9038817,192,8.151260504,110,37.46715712,181,28.7434555,5,41.72335601,355,41.1837238,15,0.086543608,219,0.078800232,42,NULL,6.741291549,16,7.470079825,330
2023,South Carolina,45.82951421,330,32.31788079,269,66.06060606,335,7.094594595,274,53.71621622,320,33.82789318,163,67.3992674,19,10.26581118,295,40.8992416,85,36.27556512,149,47.58064516,259,54.39814815,268,0.07415323,319,0.110521375,333,NULL,8.83226374,171,8.454412885,234
2023,South Carolina St.,47.34337827,294,30.76923077,336,66.12903226,333,8.584474886,172,56.80365297,359,39.52755906,359,72.24435591,214,10.38858049,301,34.01360544,279,36.70520231,159,51.69385194,144,58.7628866,333,0.096700381,134,0.099848765,273,NULL,10.92939186,332,11.28920723,13
2023,South Dakota,45.51083591,336,37.94162826,12,76.09649123,36,4.391217565,356,51.79640719,256,36.05341246,291,73.73358349,288,11.55830753,339,40.18518519,101,40.21479714,283,50.72674419,171,47.50656168,95,0.066170816,352,0.096671427,236,NULL,7.65100064,53,7.75439254,308
2023,South Dakota St.,51.16495806,131,35.09036145,113,79.50819672,3,8.272058824,196,51.65441176,248,33.19727891,122,76.06635071,350,9.226467847,221,38.22682786,151,40.31815688,286,41.81585678,353,49.00744417,135,0.07704579,296,0.093589365,195,NULL,7.751846381,60,9.548005908,100
2023,South Florida,51.0495382,139,33.57041252,194,65.12027491,343,8.781362007,160,48.2078853,85,34.9002849,241,72.88888889,249,8.144416457,109,37.11721225,191,38.61386139,228,50.82938389,169,54.91698595,278,0.092636619,168,0.098006858,250,NULL,9.755933834,268,9.442669904,113
2023,Southeast Missouri St.,50.32414911,182,33.21167883,212,71.08280255,207,8.359375,189,50.703125,204,35,248,69.33638444,59,7.617504052,74,39.98054475,107,35.35353535,122,51.4541387,148,50.55928412,167,0.090516798,178,0.093259731,192,NULL,7.954506492,79,9.952929306,72
2023,Southeastern Louisiana,49.08456844,236,36.36363636,57,74.41860465,83,4.995004995,347,52.14785215,280,38.1712627,350,69.73451327,76,7.149084568,47,34.1183228,277,40.76923077,293,50.06418485,184,55.03184713,282,0.098505517,120,0.08112219,56,NULL,8.788237282,167,9.995412733,65
2023,Southern,48.00777454,273,32.79883382,241,72.25042301,161,7.327141383,252,51.5995872,245,33.99390244,180,69.29698709,56,11.56462585,341,40,106,40.36923077,287,56.32823366,49,60.1659751,350,0.113048652,42,0.091995057,176,NULL,11.3506339,347,11.71678338,10
2023,Southern Illinois,54.67869222,27,32.12435233,279,72.18934911,167,6.073943662,318,46.65492958,40,33.04940375,116,64.9122807,5,10.7102593,316,46.53405666,13,34.0684852,75,59.20873124,15,48.75690608,127,0.106820642,66,0.097678335,246,NULL,9.527246481,247,8.901720197,173
2023,Southern Indiana,47.0980019,300,36.32862644,60,67.21044046,319,6.356736243,305,51.04364326,221,35.1233672,253,72.19020173,209,12.17887726,354,42.56830601,54,39.52954676,265,46.14395887,303,48.71794872,126,0.091695612,173,0.084248253,80,NULL,9.774659196,271,7.447359387,331
2023,Southern Miss,52.27062095,82,32.36641221,268,73.11827957,133,7.289719626,259,47.57009346,63,32.16463415,76,71.97696737,198,6.858202039,31,37.7739331,166,38.00695249,211,56.18556701,54,52.36111111,223,0.116574884,33,0.098602923,259,NULL,8.111669024,93,8.25738763,254
2023,Southern Utah,51.27572016,121,35.41944075,98,72.84427284,140,8.58662614,171,50.22796353,181,35.90462833,286,71.42857143,160,9.711934156,261,38.19938962,153,35.14046328,112,43.53205849,342,47.76444929,100,0.082337236,258,0.094973149,212,NULL,9.089704788,201,9.25274882,137
2023,St. Bonaventure,47.46503497,285,34.76923077,134,70.32136106,235,10.40462428,87,52.1194605,276,28.74074074,5,71.57142857,173,7.692307692,78,36.23188406,221,39.40455342,260,49.41482445,208,56.32653061,305,0.104143057,79,0.088800553,139,NULL,9.94938136,286,9.019532635,160
2023,St. Francis NY,41.61849711,361,36.45224172,47,69.97929607,249,11.24889283,67,47.12134632,50,39.6713615,361,69.30894309,57,8.285163776,130,33.0754352,296,27.39549839,2,51.21163166,153,54.20827389,263,0.103934371,82,0.099112674,265,NULL,11.25062783,343,9.161225515,145
2023,St. Francis PA,50.43227666,174,36.37931034,55,69.92481203,252,5.467372134,340,52.64550265,300,33.71335505,155,68.83365201,43,7.877041306,95,35.78038248,234,35.12585812,109,52.17391304,135,50.37313433,165,0.060982849,360,0.099971883,274,NULL,8.347652223,126,8.647567872,201
2023,St. John's,49.30203046,223,33.10463122,216,69.94991653,250,9.95951417,112,49.23076923,136,34.53865337,220,71.973466,196,6.852791878,29,27.00324224,352,39.37162494,257,51.54639175,146,57.51412429,320,0.110055736,52,0.109651119,331,NULL,7.728178517,58,8.658796872,199
2023,St. Thomas,51.23966942,127,35.06329114,116,78.29313544,12,6.109613657,315,52.65049416,301,33.71150729,154,74.81343284,324,11.7768595,345,44.9374289,23,35.66473988,131,49.80595084,194,45.84382872,59,0.088585,201,0.064381448,1,NULL,8.66487157,158,8.471243155,232
2023,Stanford,51.11906893,136,36.27717391,63,69.35779817,278,9.842154132,116,50.4178273,189,35.44474394,269,73.12859885,262,8.057296329,105,39.71937399,112,40.79164376,294,58.4725537,23,51.48883375,199,0.086152577,222,0.089818644,159,NULL,9.944207041,285,9.715077847,81
2023,Stephen F. Austin,49.23076923,226,38.00424628,10,71.83098592,179,7.646474677,234,51.73783515,253,33.9011925,172,70.16491754,92,8.461538462,144,28.70201097,345,36.82559598,165,53.11258278,114,59.30555556,340,0.116140953,36,0.083986226,77,NULL,12.90988278,363,12.19000084,2
2023,Stetson,50.83160083,150,38,11,76.92307692,26,8.223062382,202,52.74102079,303,35.41341654,267,74.50980392,314,7.38045738,59,43.80841121,37,37.72807534,196,48.96640827,221,51.33757962,195,0.070063366,337,0.078821287,43,NULL,7.985163052,80,7.315439699,339
2023,Stonehill,49.89177489,200,34.82280431,132,75.88932806,40,8.133971292,203,48.99521531,116,34.58333333,225,70.89397089,141,9.523809524,254,41.25874126,76,40.79320113,295,51.9650655,141,54.79632063,277,0.101980446,92,0.101980446,299,NULL,9.466127488,241,9.563716431,97
2023,Stony Brook,48.07056229,272,31.12033195,324,75.20833333,54,7.32421875,253,49.90234375,171,33.83458647,164,70.02096436,86,7.607497244,73,44.35582822,29,43.79802415,343,52.19364599,134,53.64916773,252,0.063107424,357,0.1124101,342,NULL,8.332152123,121,7.641914669,319
2023,Syracuse,50.3742515,177,36.19744059,67,74.87001733,61,15.70731707,2,50.92682927,213,34.34237996,212,70.23255814,94,6.511976048,19,29.04938927,342,48.31064044,359,52.58323766,127,72.73795535,363,0.109437882,56,0.094906711,211,NULL,7.447225171,35,7.765094538,307
2023,TCU,51.47453083,113,30.97484277,330,69.93103448,251,12.53776435,30,49.16918429,131,30.81232493,27,70.63621533,129,10.32171582,297,29.88721805,333,35.0343474,106,58.5492228,21,55.10907003,284,0.112838943,43,0.089146781,148,NULL,7.790304284,65,10.36030157,46
2023,Tarleton St.,46.46464646,318,33.93782383,178,70.93333333,215,9.048723898,147,52.20417633,282,36.57770801,319,72.83236994,247,9.259259259,225,24.52350699,361,42.49499666,327,48.6090776,237,56.66178624,311,0.11977658,24,0.069421528,4,NULL,11.3421088,346,12.1732116,3
2023,Temple,49.85014985,201,32.98835705,223,75.69331158,45,10.26463512,91,47.87489976,70,33.59621451,148,69.93243243,84,9.290709291,230,43.57384442,39,33.70547581,64,58.35543767,25,51.72839506,204,0.072662877,329,0.108308817,326,NULL,9.002884808,190,9.185684499,143
2023,Tennessee,50.27844073,186,32.85714286,231,70.76205288,222,11.78603808,50,45.05893019,15,26.51515152,1,71.875,191,8.273667462,128,40.05722461,104,41.79419525,317,66.18942731,2,50.35360679,163,0.124804992,15,0.099171644,267,NULL,8.194267165,110,9.707054949,83
2023,Tennessee Martin,51.93519352,90,31.86813187,297,71.63232964,185,8.988764045,151,50.46816479,191,32.31382979,80,69.57928803,70,9.9909991,282,36.4416476,214,41.31868132,307,44.74358974,328,54.60358056,272,0.095254295,147,0.089154266,150,NULL,7.883114065,77,7.226187893,345
2023,Tennessee St.,49.64824121,209,35.13119534,107,68.30508475,302,8.262108262,198,49.47768281,154,33.75451264,159,75.21994135,339,9.949748744,280,40.80904224,88,34.47417548,82,48.84353741,229,48.30508475,112,0.083247131,250,0.087187823,118,NULL,8.571006354,147,10.19654204,53
2023,Tennessee Tech,48.1,270,37.2972973,27,71.53846154,193,6.440071556,303,52.14669052,279,34.02777778,184,74.26160338,302,10,283,42.52873563,55,39.17301415,250,54.02906209,90,56.88405797,314,0.080394405,277,0.096000378,229,NULL,8.18131303,106,9.978364447,69
2023,Texas,53.96931288,36,34.6835443,142,74.8211731,65,9.777138749,118,47.87922358,71,32.38866397,84,73.15716273,265,8.005336891,101,34.51288772,267,34.75609756,96,56.6943675,39,46.46799117,72,0.111099758,50,0.081745641,61,NULL,8.137406991,97,10.99850443,19
2023,Texas A&M,48.81516588,241,32.58258258,255,75.91743119,39,7.85440613,224,47.22222222,54,32.95454545,109,70.61469265,126,11.05845182,330,34.47204969,271,45.73804574,351,52.5748503,128,59.00383142,336,0.100020749,108,0.106830672,321,NULL,7.618601731,51,10.85331532,26
2023,Texas A&M Commerce,56.23100304,10,31.92261185,293,69.98050682,248,7.910576096,218,53.13843508,309,34.77564103,234,71.97640118,197,7.092198582,45,45.58985667,18,34.91885842,101,54.09035409,89,49.94011976,159,0.081432387,264,0.09378449,197,NULL,9.561443137,251,9.515694606,102
2023,Texas A&M Corpus Chris,48.29268293,266,36.41975309,49,80.12232416,2,4.719764012,351,54.0806293,328,33.75,158,68.22289157,29,8.780487805,182,34.50479233,269,41.4507772,311,54.69879518,75,56.36822194,306,0.112089129,47,0.089490514,152,NULL,8.768262506,166,9.17503757,144
2023,Texas Southern,47.4624732,286,28.38827839,361,66.26686657,330,7.961007311,215,49.14703493,126,33.58098068,147,71.6802168,178,7.934238742,98,28.07197943,347,35.34663866,121,44.81074481,326,47.53309266,96,0.089758041,188,0.106954675,322,NULL,9.563006265,252,9.730778305,80
2023,Texas St.,48.57363146,251,31.37697517,314,72.38938053,155,10.37649219,88,49.03581267,119,36.41404806,309,70.544919,117,8.095605243,108,25.45977011,358,33.19018405,48,40.18205462,360,47.33242134,92,0.096029638,140,0.094567257,209,NULL,8.481805552,138,9.01801165,161
2023,Texas Tech,52.53496503,74,34.53453453,149,72.22222222,164,8.691588785,167,49.06542056,122,32.41895262,87,71.05263158,146,10.22727273,290,36.79558011,201,42.84188034,333,49.69915764,198,54.52229299,271,0.105335419,75,0.102634511,305,NULL,9.58822404,254,9.408163495,118
2023,The Citadel,49.61685824,211,32.47344461,262,75.2535497,53,7.846889952,225,53.49282297,318,33.8731444,169,72.23140496,211,10.24904215,292,38.69641809,139,41.4893617,312,46.72131148,283,51.85185185,209,0.082507661,256,0.104446114,314,NULL,7.726150875,57,8.679996662,198
2023,Toledo,54.51829724,28,39.72789116,2,77.03081232,24,7.650273224,233,52.06869633,273,36.06138107,292,74.6031746,319,8.812546677,190,35.43876567,248,37.90596219,207,48.8258317,231,48.47207587,116,0.096871931,130,0.071926369,12,NULL,6.402694121,11,8.689370592,196
2023,Towson,49.00714853,238,36.65158371,41,70.8041958,220,10.19855596,97,47.74368231,67,33.24287653,127,75.04587156,333,7.386814932,60,34.49531738,270,39.94579946,277,53.60465116,102,50.64599483,171,0.093552307,157,0.0839689,76,NULL,10.03975973,294,8.351254685,247
2023,Troy,51.2195122,128,31.21468927,321,71.04795737,211,6.616257089,295,48.39319471,89,32.65651438,98,75.61403509,344,8.585365854,164,40.85401039,86,35.83990297,135,52.14477212,136,46.09929078,63,0.116211929,35,0.095789749,223,NULL,9.0927325,202,9.433102166,114
2023,Tulane,53.44827586,52,33.80084151,181,77.67722474,17,11.38353765,58,48.16112084,84,35.67110036,278,69.93127148,83,12.4137931,356,38.06727176,157,42.00101574,321,56.32984901,48,62.4852071,360,0.112413183,45,0.081091952,55,NULL,6.950738784,19,8.066289453,280
2023,Tulsa,48.59719439,249,31.29251701,318,64.57883369,348,4.090909091,362,58,362,31.30193906,43,72.92490119,252,11.12224449,333,42.41200231,56,39.62678375,268,48.67132867,235,57.40740741,318,0.078897836,283,0.107762898,325,NULL,8.3227595,120,9.188711355,142
2023,UAB,48.81025015,242,35.62913907,89,74.00468384,99,11.11883252,74,47.25503822,56,31.6027088,55,72.57824143,236,8.785845027,184,31.53717627,317,38.10752688,215,49.01777362,219,48.54166667,119,0.109671123,54,0.0926031,181,NULL,8.061916975,88,8.352436506,246
2023,UC Davis,49.58979034,213,33.50253807,195,70.95435685,213,6.523534269,300,48.88521883,110,36.67296786,320,70.4379562,104,9.480401094,250,35.01184834,255,30.40229885,14,47.84366577,255,45.1653944,48,0.098933086,115,0.093799766,198,NULL,11.199972,340,10.9199727,21
2023,UC Irvine,49.3902439,218,37.23916533,30,72.83950617,141,5.964052288,322,44.19934641,8,32.54086181,91,72.71428571,243,8.307926829,134,32.19638243,310,35.47706906,126,52.38636364,131,50.65789474,172,0.093360039,160,0.082938453,66,NULL,9.249157317,214,8.163575472,270
2023,UC Riverside,48.78246753,244,35.61827957,90,69.63249516,265,4.664031621,352,51.46245059,239,33.9731286,178,72.12389381,207,8.36038961,137,37.65182186,171,29.17133259,6,49.19168591,214,45.28985507,50,0.072797892,328,0.085670689,101,NULL,9.454848107,240,9.987515605,67
2023,UC San Diego,49.63805584,210,33.01282051,221,73.97590361,100,5.78898226,332,49.67320261,162,37.05583756,333,72.78617711,245,9.307135471,232,39.22061596,125,35.55956679,128,47.37609329,262,56.45805593,307,0.080711731,274,0.089097365,147,NULL,9.014556937,192,8.38563436,243
2023,UC Santa Barbara,54.8438751,22,34.82490272,131,73.64085667,116,6.546644845,299,49.34533552,146,34.58110517,224,74.85604607,328,6.004803843,7,29.15484969,339,31.46382501,26,52.89351852,121,48.55708908,120,0.096830986,131,0.073202372,18,NULL,9.683098592,263,8.849147517,177
2023,UCF,48.29694323,265,35.32934132,100,77.0979021,22,11.36563877,59,49.16299559,129,30.69444444,23,72.41935484,226,8.471615721,145,42.17171717,58,38.81401617,237,55.30660377,63,53.40179718,246,0.113202637,41,0.099323387,269,NULL,9.672102706,261,10.53955586,40
2023,UCLA,50.56461731,165,34.86943164,129,73.05194805,134,11.63934426,53,46.8852459,44,31.0880829,34,69.65265082,73,6.210790464,12,28.99777283,343,38.75502008,235,52.08131655,138,50.86206897,179,0.124687652,16,0.068779318,2,NULL,8.044364671,85,10.85989231,25
2023,UMBC,51.59574468,109,33.96998636,176,74.70119522,66,7.001795332,280,50.53859964,195,37.81869688,345,72.10300429,205,7.80141844,93,39.38742611,120,38.79120879,236,52.94825511,119,51.20481928,189,0.081415596,265,0.076709492,32,NULL,7.153277801,24,8.800414137,185
2023,UMKC,44.69628286,346,27.30263158,362,71.52899824,194,11.18077325,69,48.90282132,111,34.56221198,223,74.92113565,329,8.522212149,154,35.53477499,242,40.48507463,289,40.06069803,362,47.33044733,91,0.086394735,220,0.088427552,135,NULL,11.07885425,337,8.6394735,204
2023,UMass Lowell,52.1978022,84,37.69633508,18,74.03846154,95,12.63330599,26,44.8728466,14,34.23728814,202,72.92006525,251,7.770800628,88,31.023281,321,32.61470426,42,51.30533485,151,46.32843792,71,0.097537405,126,0.111021839,336,NULL,8.944674491,183,9.978481091,68
2023,UNC Asheville,51.13122172,134,38.56707317,8,69.30555556,281,10.10638298,99,49.54407295,156,30.5514158,22,71.9924812,199,11.22171946,337,37.25156161,187,33.76950176,66,50,185,46.20770128,67,0.087606512,211,0.100246257,277,NULL,10.06821104,298,9.02216314,158
2023,UNC Greensboro,49.26829268,225,35.10638298,110,71.42857143,199,7.418699187,247,46.8495935,43,32.8011611,102,67.68060837,24,7.024390244,39,39.09685086,130,41.18350269,304,55.8423913,57,47.45269287,93,0.104657507,77,0.086305243,109,NULL,9.176132136,207,8.828927137,180
2023,UNC Wilmington,48.3378257,263,33.27526132,209,73.9195231,105,7.532956685,242,51.22410546,229,30.47775947,20,70.38216561,102,8.265947889,126,34.02489627,278,36.36908328,152,43.8957476,340,39.78052126,8,0.1014212,97,0.089572929,155,NULL,9.668189169,260,10.52126468,42
2023,UNLV,47.88213628,276,34.06896552,171,72.93934681,135,11.88222923,45,50.893796,212,36.12565445,293,73.4962406,282,8.655616943,172,40.03313087,105,44.54810496,349,49.41329857,209,57.76315789,322,0.126711839,14,0.085541928,100,NULL,8.965891872,186,11.98501873,7
2023,USC,50.99285147,141,34.51612903,150,74.51923077,76,13.4244373,16,42.68488746,2,33.42428377,136,71.40468227,159,7.78395552,90,32.99627461,299,37.07637835,177,51.98598131,140,55.79896907,295,0.100144482,107,0.098820986,262,NULL,8.205671178,113,7.808622572,302
2023,USC Upstate,51.25115848,126,33.04347826,218,65.31791908,341,13.243762,18,49.32821497,144,34.24657534,203,71.26436782,155,7.50695088,66,34.76420798,259,35.91635916,138,45.35666218,313,46.77871148,81,0.105259952,76,0.093564402,194,NULL,9.892486218,281,9.989949137,66
2023,UT Arlington,44.85018727,343,31.86619718,298,66.25514403,331,8.263598326,197,49.58158996,157,37.11340206,335,71.21710526,152,8.801498127,186,34.71882641,262,37.84135241,202,55.60606061,59,54.92753623,279,0.08905803,194,0.090093589,164,NULL,12.0642564,360,11.23580961,14
2023,UT Rio Grande Valley,51.66666667,105,33.57664234,193,69.58333333,268,7.540394973,241,51.88509874,262,34.78991597,235,74.58646617,318,10,283,34.94897959,257,34.81568169,97,55.2742616,64,61.27388535,355,0.059997,361,0.107514624,324,NULL,11.42342883,349,10.89545523,22
2023,UTEP,50.73593074,156,29.14979757,356,62.8125,356,7.616221563,237,51.82987141,258,33.16749585,121,72.25913621,217,9.177489177,215,29.95755003,331,37.3605948,186,47.26027397,265,43.92265193,35,0.118637352,26,0.111432654,339,NULL,11.76767252,355,11.04720278,18
2023,UTSA,45.24495677,339,33.94495413,177,73.97476341,101,5.662020906,337,51.91637631,264,35.58106169,273,72.21238938,210,13.73679155,361,38.5840708,142,37.77777778,199,44.44444444,335,51.30331754,192,0.059502205,362,0.097107598,242,NULL,9.758361547,269,9.425149202,116
2023,Utah,48.3982684,259,33.33333333,204,70.7948244,221,10.33653846,89,44.87179487,13,30.17751479,19,66.17021277,7,10.38961039,302,37.6012966,174,35.13513514,110,58.40707965,24,53.53403141,249,0.075282455,307,0.093050985,189,NULL,8.603709181,152,7.6685234,314
2023,Utah St.,54.51263538,29,37.85803238,15,76.57657658,31,8.636363636,169,46.21212121,31,34.5534407,222,74.01315789,296,7.490974729,64,42.01988488,62,34.09885172,76,61.67400881,11,47.16312057,85,0.071289902,334,0.081898518,62,NULL,9.378016825,233,8.61419645,209
2023,Utah Tech,50.85287846,149,37.6119403,20,70.27777778,241,5.78898226,332,53.3146592,316,36.46677472,313,73.43485618,279,10.12793177,288,41.66666667,69,36.5521327,154,51.1659808,156,53.14070352,239,0.088434694,202,0.101605819,292,NULL,11.24249569,342,11.14841623,17
2023,Utah Valley,52.49441549,76,33.38414634,202,73.83966245,107,14.55399061,4,42.79007378,3,31.10795455,35,68.73015873,39,7.743857036,83,32.8164082,301,32.07289294,34,56.6017316,40,44.6907818,43,0.083956024,241,0.093643258,196,NULL,9.889050903,279,7.911240723,294
2023,VCU,51.86953063,93,34.75409836,136,69.58762887,266,12.75917065,24,46.41148325,34,31.89522342,66,70.43918919,105,9.864757359,270,32.67273701,304,34.10404624,78,52.77777778,124,51.33079848,194,0.130185441,11,0.095860019,225,NULL,10.00460463,289,10.92553058,20
2023,VMI,44.9790795,341,34.21750663,165,75.76601671,44,4.122497055,361,57.71495878,360,37.36780259,339,71.278826,156,12.76150628,359,44.09356725,32,50.05882353,362,43.89534884,341,60.3960396,353,0.074678397,314,0.09411524,206,NULL,9.923019872,283,7.160942175,347
2023,Valparaiso,51.93321617,92,29.21174652,354,72.48995984,152,7.263064659,260,51.63861825,247,34.25655977,204,73.35640138,274,6.590509666,21,36.2464986,220,37.79614325,201,53.71794872,99,52.56723716,229,0.082851948,254,0.100803204,283,NULL,8.101079377,92,7.410646475,332
2023,Vanderbilt,49.01185771,237,33.62255965,190,71.15942029,204,11.83098592,47,49.71830986,165,31.0387985,31,70.56277056,119,7.747035573,85,42.15820759,59,36.00721046,141,46.12903226,304,49.47589099,147,0.074890993,312,0.084102184,79,NULL,7.569196574,46,7.769439869,306
2023,Vermont,55.44840887,16,36.02015113,73,70.29126214,239,8.34049871,193,50.12897678,175,35.10638298,252,72.24489796,215,8.389585342,138,43.36428181,44,36.13399231,145,52.4970964,129,45.08599509,45,0.083402549,248,0.07790348,41,NULL,6.461406272,12,8.248603752,256
2023,Villanova,52.7892562,68,33.44632768,199,82.01438849,1,5.316223648,342,50.68744271,203,33.84615385,168,77.64932563,361,10.74380165,317,47.76038856,7,41.6889364,315,46.71623296,286,60.09791922,348,0.08747358,212,0.085219107,93,NULL,6.943779062,18,8.567000141,215
2023,Virginia,50.44014085,173,34.97615262,120,70.30995106,237,13.78640777,9,46.40776699,33,34.06113537,187,74.77876106,323,10.82746479,322,35.63739377,241,40.01164822,280,65.44766709,3,52.80898876,233,0.108751473,60,0.076851041,35,NULL,5.945080506,3,8.603449838,211
2023,Virginia Tech,54.34782609,30,35.75063613,85,73.54085603,120,8.307453416,195,50.46583851,190,33.98876404,179,70.97415507,142,9.949832776,281,39.65691221,113,35.6,129,56.7132116,37,47.53363229,97,0.077613282,291,0.083752186,74,NULL,6.358150217,8,8.506766497,229
2023,Wagner,44.70954357,345,30.17077799,345,68.26666667,303,5.534105534,339,50.19305019,178,31.48558758,49,71.75043328,182,10.6846473,314,35.34540577,249,36.72638436,162,50.84745763,166,53.94736842,261,0.102557915,87,0.095921815,227,NULL,9.531853282,248,10.6780888,35
2023,Wake Forest,53.978907,35,36.37413395,56,74.55138662,75,7.371007371,249,51.02375102,220,34.98049415,247,71.93973635,194,11.88878236,346,45.36406496,21,38.64321608,229,50.56947608,173,46.30044843,70,0.085418723,227,0.098725158,260,NULL,7.254152895,29,8.756492252,189
2023,Washington,49.95670996,198,31.28742515,319,74.87001733,61,13.04347826,22,48.61660079,99,29.68960864,13,70.72691552,133,9.87012987,271,36.64289632,206,36.93918245,173,46.69211196,288,60.23952096,352,0.097824516,125,0.099158487,266,NULL,10.00478006,290,8.581878008,214
2023,Washington St.,46.27414903,324,37.25961538,29,71.58671587,191,7.311320755,257,50.47169811,192,32.17247098,77,69.23076923,51,8.555657774,159,43.35591454,45,32.16,35,49.56949569,203,48.20574163,108,0.075085517,309,0.090012156,162,NULL,9.453538009,238,9.046447856,155
2023,Weber St.,51.78217822,99,32.8358209,234,76.24309392,35,4.428424305,355,51.08135942,224,36.79525223,328,70.49808429,113,9.405940594,241,37.38375697,182,40.97264438,300,44.79889043,327,58.46774194,330,0.089966444,184,0.084645848,85,NULL,10.68956135,322,10.25423985,51
2023,West Virginia,50.92369478,145,35.02824859,118,74.25227568,84,8.630705394,170,50.78838174,209,34.04907975,186,72.56267409,232,6.586345382,20,36.25192012,219,35.11039311,108,50,185,50.35971223,164,0.095572408,143,0.095572408,222,NULL,8.967807466,187,11.32554088,12
2023,Western Carolina,48.66666667,246,33.0634278,217,70.62706271,227,5.891848265,325,51.41242938,235,33.27205882,128,72.03947368,202,10.47619048,307,41.37353434,74,30.51037577,18,48.94179894,223,42.54278729,22,0.076839282,298,0.080587539,49,NULL,7.683928174,55,7.918194277,293
2023,Western Illinois,51.83673469,96,31.46258503,311,69.91869919,253,8.707865169,166,54.58801498,339,33.92504931,173,71.75925926,183,8.571428571,161,37.5,179,32.19047619,36,51.94805195,142,39.07284768,5,0.080590269,275,0.069699692,5,NULL,8.222385581,116,8.385744235,242
2023,Western Kentucky,48.53852967,252,34.32137285,158,70.7530648,224,14.27247451,5,48.00741427,74,36.2244898,298,69.53781513,68,6.377325066,18,36.21468927,223,42.08266237,323,48.828125,230,51.74563591,205,0.087646446,210,0.089060098,146,NULL,8.152061871,99,9.235862004,139
2023,Western Michigan,49.30924548,222,32.11143695,280,72.34513274,157,6.101344364,316,54.39503619,334,36.99059561,330,71.93973635,194,8.926673751,197,42.02094886,61,39.75077882,273,49.19472914,213,55.24934383,286,0.068024934,343,0.092663886,182,NULL,9.909143863,282,7.552374512,325
2023,Wichita St.,53.29289428,57,30.94890511,331,71.60493827,187,11.28608924,62,45.40682415,19,33.62944162,149,71.45708583,165,9.272097054,229,37.24850462,188,40.80787157,297,51.5114873,147,56.76020408,313,0.092161714,171,0.100787688,282,NULL,8.126574808,96,7.717976074,309
2023,William & Mary,46.30681818,323,36.34945398,58,67.87878788,311,5.429864253,341,54.29864253,331,35.50387597,270,70.20833333,93,14.86742424,363,37.77253978,168,36.85714286,169,49.72299169,196,48.61278649,123,0.088974018,197,0.09589422,226,NULL,9.193981896,211,8.057091662,281
2023,Winthrop,53.76470588,47,37.8962536,13,74.65007776,68,8.080808081,207,55.46372819,349,35.77844311,280,64.15441176,3,14.11764706,362,44.94818653,22,38.01935117,213,46.66666667,289,50.29655991,162,0.071061543,335,0.110540179,334,NULL,9.52422076,246,10.26444517,50
2023,Wisconsin,46.32721202,322,34.20074349,166,69.06187625,287,4.388185654,357,51.81434599,257,31.63265306,57,67.18446602,17,10.43405676,305,40.24937656,100,36.66488509,157,48.85679904,226,43.08062575,28,0.091601027,174,0.069917692,6,NULL,6.372245331,9,9.11585096,149
2023,Wofford,55.08637236,18,32.08955224,283,73.15175097,131,5.78680203,334,56.14213198,354,35.27815468,260,73.56828194,283,9.404990403,240,39.13551402,126,42.79907085,331,45.24714829,315,46.12546125,65,0.084461992,232,0.085961317,106,NULL,7.696536559,56,8.14633415,274
2023,Wright St.,53.86819484,38,35.10054845,112,74.46351931,77,7.367549669,250,51.24172185,230,32.5613079,93,67.53731343,21,6.375358166,17,28.15234174,346,37.79608651,200,48.09322034,244,41.14219114,14,0.081526206,263,0.108701608,328,NULL,6.399368829,10,9.073077724,152
2023,Wyoming,51.25570776,124,34.74692202,138,71.26865672,202,7.312252964,256,52.56916996,295,36.41881639,311,78.88198758,362,10.50228311,310,45.48848787,19,39.4374626,261,46.08819346,307,49.22279793,139,0.070510762,336,0.093174936,191,NULL,8.914574952,180,9.367858424,123
2023,Xavier,53.76690277,46,38.97581792,4,71.04519774,212,7.894736842,223,48.55263158,96,35.81699346,283,71.6828479,179,9.207984546,218,31.16134752,320,33.47921225,56,63.57078449,7,53.55731225,250,0.088309307,205,0.096541531,233,NULL,7.521258782,41,7.409001188,333
2023,Yale,52.40339303,79,35.75221239,84,69.81891348,258,11.67400881,52,45.70484581,22,32.58064516,94,70.46332046,107,7.54005655,69,34.74784748,260,40.57591623,291,49.86807388,191,50.89141005,181,0.089949699,185,0.085741526,102,NULL,7.837722326,70,9.415787224,117
2023,Youngstown St.,54.86166008,21,36.17647059,69,77.97202797,16,6.875,286,51.328125,232,34.10852713,191,71.03174603,145,6.324110672,15,34.96143959,256,33.50649351,57,49.89361702,190,48.57468643,122,0.096786423,132,0.072255302,13,NULL,8.429785241,130,8.251377088,255