"Season","TeamName","Off_1","RankOff_1","Off_2","RankOff_2","Off_3","RankOff_3","Def_1","RankDef_1","Def_2","RankDef_2","Def_3","RankDef_3"
2023,"Abilene Christian",19.2868719611021,117,52.5121555915721,119,28.2009724473258,268,22.2907036466359,32,51.3610683102209,163,26.3482280431433,328
2023,"Air Force",17.2268907563025,238,46.218487394958,311,36.5546218487395,32,21.0624417520969,55,55.7315936626281,36,23.2059645852749,358
2023,"Akron",19.6607220530666,95,44.7150935189213,334,35.6241844280122,52,17.3276676109537,234,51.6525023607177,149,31.0198300283286,169
2023,"Alabama",20.3171456888008,67,43.4093161546085,351,36.2735381565907,36,21.9319081551861,37,54.0775930324624,65,23.9904988123515,355
2023,"Alabama A&M",19.2741539970574,120,52.4767042667974,121,28.2491417361452,265,23.0408259033318,17,45.4246832473017,338,31.5344908493665,151
2023,"Alabama St.",20.6086492258409,55,50.7207688200747,195,28.6705819540844,252,19.3652253909844,113,51.7939282428703,142,28.8408463661454,240
2023,"Albany",19.2727272727273,122,46.7532467532468,295,33.974025974026,94,19.7737556561086,92,54.027149321267,67,26.1990950226244,330
2023,"Alcorn St.",21.9399538106236,22,55.3348729792148,49,22.7251732101617,347,20.8056662239929,61,47.9858344400177,290,31.2084993359894,165
2023,"American",15.2412804586718,330,55.5183946488294,47,29.2403248924988,234,18.2938388625592,175,50.9952606635071,181,30.7109004739336,179
2023,"Appalachian St.",16.3426169206516,299,51.1823436678928,167,32.4750394114556,130,15.8498435870699,307,50.3649635036496,210,33.7851929092805,72
2023,"Arizona",18.3182135380321,176,50.8025122121424,190,30.8792742498255,176,16.1847389558233,286,50.4417670682731,208,33.3734939759036,87
2023,"Arizona St.",18.1711606096131,184,49.7069167643611,230,32.1219226260258,143,20.2697180220678,73,45.5251328156927,336,34.2051491622395,63
2023,"Arkansas",21.1927981995499,40,58.6646661665416,16,20.1425356339085,358,23.017170891251,18,53.8021259198692,81,23.1807031888798,359
2023,"Arkansas Pine Bluff",21.7217787913341,28,43.2155074116306,353,35.0627137970354,60,23.1122448979592,16,49.1836734693878,243,27.7040816326531,288
2023,"Arkansas St.",19.9372056514914,85,50.8634222919937,186,29.1993720565149,236,20.5452775073028,65,50.2434274586173,216,29.2112950340798,234
2023,"Army",16.8925022583559,264,52.4841915085818,120,30.6233062330623,190,16.1363636363636,291,53.1818181818182,97,30.6818181818182,181
2023,"Auburn",20.3314470493129,66,52.8698464025869,108,26.7987065481002,299,23.1972198088619,14,51.7810599478714,143,25.0217202432667,347
2023,"Austin Peay",17.2936552498596,236,50.5334081976418,204,32.1729365524986,139,20.1073694485115,82,53.3918984870669,89,26.5007320644217,325
2023,"BYU",18.5997469422185,164,50.7802614930409,191,30.6199915647406,191,20.8742194469224,58,48.349687778769,272,30.7760927743087,175
2023,"Ball St.",21.5111111111111,34,48.3555555555556,268,30.1333333333333,206,18.3402109124255,169,50.9857863365429,182,30.6740027510316,182
2023,"Baylor",20.4658266513937,60,42.5353188239786,358,36.9988545246277,29,17.8735872750105,204,52.7417329426538,115,29.3846797823357,227
2023,"Bellarmine",15.9055118110236,312,49.7637795275591,226,34.3307086614173,85,17.5371346430283,220,39.7700047915668,363,42.6928605654049,1
2023,"Belmont",13.7478849407783,358,48.5617597292724,260,37.6903553299492,20,15.9839715048976,299,54.4968833481745,58,29.5191451469279,222
2023,"Bethune Cookman",19.4251734390486,105,49.9504459861249,223,30.6243805748266,189,19.5822454308094,105,50.9138381201044,185,29.5039164490862,223
2023,"Binghamton",16.9387755102041,262,58.5714285714286,17,24.4897959183673,335,20.4945316214931,66,51.8307180218735,140,27.6747503566334,290
2023,"Boise St.",17.7890724269377,206,50.0635324015248,216,32.1473951715375,140,16.8376865671642,255,52.5186567164179,120,30.6436567164179,185
2023,"Boston College",16.8866636322258,265,57.441966317706,23,25.6713700500683,313,16.2710401381096,282,48.2520500647389,275,35.4769097971515,36
2023,"Boston University",18.6250609458801,162,48.7567040468064,255,32.6182350073135,127,20.1428571428571,80,48.2857142857143,274,31.5714285714286,150
2023,"Bowling Green",18.5648148148148,165,52.4074074074074,123,29.0277777777778,239,18.4749455337691,158,50.8061002178649,190,30.718954248366,177
2023,"Bradley",14.4117647058824,349,51.9327731092437,144,33.6554621848739,106,20.4588014981273,67,47.940074906367,291,31.6011235955056,149
2023,"Brown",15.8679446219382,316,49.6272630457934,232,34.5047923322684,76,15.7051282051282,313,52.2435897435897,131,32.0512820512821,132
2023,"Bryant",18.8670411985019,149,50.6554307116105,197,30.4775280898876,196,18.3412322274882,168,49.0995260663507,246,32.5592417061611,112
2023,"Bucknell",15.8203125,317,52.83203125,109,31.34765625,165,14.7663551401869,346,52.7102803738318,116,32.5233644859813,114
2023,"Buffalo",18.531623175586,166,55.1968155683326,57,26.2715612560814,309,19.746835443038,95,51.6455696202532,150,28.6075949367089,248
2023,"Butler",16.235632183908,305,54.0229885057471,83,29.7413793103448,216,13.7074517019319,357,58.6936522539098,8,27.5988960441582,293
2023,"Cal Baptist",17.4794785127958,226,46.7407049734428,296,35.7798165137615,49,18.2574645129711,176,56.779246206559,19,24.9632892804699,349
2023,"Cal Poly",20.1630434782609,71,52.2826086956522,127,27.554347826087,286,23.3463035019455,13,48.6381322957198,258,28.0155642023346,276
2023,"Cal St. Bakersfield",19.9782253674469,81,59.1181273816004,14,20.9036472509526,354,23.4634146341463,10,43.609756097561,347,32.9268292682927,101
2023,"Cal St. Fullerton",21.3881019830028,36,46.1756373937677,313,32.4362606232295,131,19.6011673151751,104,49.6108949416342,233,30.7879377431907,174
2023,"Cal St. Northridge",23.462166575939,7,49.7550353837779,227,26.7827980402831,300,22.3652837386743,31,47.3056747734859,303,30.3290414878398,193
2023,"California",20.6859592711683,54,54.2336548767417,75,25.08038585209,326,18.4574230940704,160,51.1814534106108,172,30.3611234953188,192
2023,"Campbell",20.1091901728844,74,50.9554140127389,177,28.9353958143767,242,17.609778180172,215,48.9814395654142,252,33.4087822544138,85
2023,"Canisius",15.7973174366617,318,49.1803278688525,246,35.0223546944858,62,15.493623051488,322,56.5895134624469,24,27.9168634860652,279
2023,"Central Arkansas",16.2488393686165,304,48.9322191272052,254,34.8189415041783,66,15.8640226628895,304,51.2343180898422,169,32.9016592472683,102
2023,"Central Connecticut",14.68498342018,342,54.1923259118901,77,31.1226906679299,171,16.0801781737194,295,51.5812917594655,154,32.3385300668151,120
2023,"Central Michigan",21.8133333333333,24,49.3866666666667,239,28.8,247,21.1090400745573,52,46.0391425908667,327,32.851817334576,103
2023,"Charleston",19.2762186115214,119,43.7223042836041,350,37.0014771048744,28,15.0043744531934,337,59.4050743657043,6,25.5905511811024,337
2023,"Charleston Southern",16.6013712047013,286,50.048971596474,217,33.3496571988247,112,19.487648673376,107,48.124428179323,283,32.387923147301,116
2023,"Charlotte",14.4813278008299,347,49.2946058091286,244,36.2240663900415,38,14.8690634709277,342,52.3746116289392,128,32.7563249001332,107
2023,"Chattanooga",17.5124792013311,222,37.936772046589,363,44.5507487520799,1,18.5497470489039,150,46.2900505902192,323,35.1602023608769,45
2023,"Chicago St.",19.2200557103064,127,46.6852367688022,298,34.0947075208914,92,18.9027431421446,135,50.573566084788,203,30.5236907730673,188
2023,"Cincinnati",15.0858849887976,333,50.8588498879761,187,34.0552651232263,93,18.4426229508197,162,56.7213114754098,21,24.8360655737705,350
2023,"Clemson",18.1102362204724,189,48.5826771653543,258,33.3070866141732,114,19.2807625649913,116,46.0138648180243,329,34.7053726169844,53
2023,"Cleveland St.",17.1174978867287,245,62.4683009298394,2,20.414201183432,357,18.6433260393873,143,51.8161925601751,141,29.5404814004376,221
2023,"Coastal Carolina",19.3482688391039,113,51.0183299389002,173,29.6334012219959,219,16.5819861431871,266,42.6789838337182,354,40.7390300230947,4
2023,"Colgate",13.4848484848485,360,55.3787878787879,48,31.1363636363636,170,11.7075232459848,363,54.9450549450549,49,33.3474218089603,89
2023,"Colorado",17.5051124744376,223,54.3967280163599,72,28.0981595092025,271,19.0374787052811,129,53.236797274276,96,27.7257240204429,286
2023,"Colorado St.",16.7838312829525,277,52.1089630931459,137,31.1072056239016,172,17.4332019272887,228,45.9045116075339,334,36.6622864651774,26
2023,"Columbia",17.9705215419501,196,48.5260770975057,263,33.5034013605442,109,16.2835249042146,281,56.1302681992337,32,27.5862068965517,295
2023,"Connecticut",17.8524804177546,203,47.5848563968668,283,34.5626631853786,73,23.7904838064774,7,52.9388244702119,106,23.2706917233107,356
2023,"Coppin St.",20.7465277777778,53,44.3576388888889,339,34.8958333333333,64,18.8650883126644,138,49.0041337842916,249,32.130777903044,126
2023,"Cornell",15.6937799043062,320,46.1244019138756,315,38.1818181818182,15,16.6086524117355,264,51.0193933366484,179,32.3719542516161,118
2023,"Creighton",17.008486562942,258,49.1513437057991,247,33.8401697312588,97,13.1963650730936,359,59.4231529039905,5,27.3804820229158,301
2023,"Dartmouth",16.8526785714286,269,49.3303571428571,242,33.8169642857143,99,18.3557394002068,167,53.2574974146846,94,28.3867631851086,259
2023,"Davidson",19.730107026524,90,52.2103303862262,129,28.0595625872499,275,15.6586966713549,315,54.1022034692921,64,30.239099859353,196
2023,"Dayton",18.9802913453299,140,52.0994001713796,138,28.9203084832905,243,15.7590361445783,312,52.433734939759,124,31.8072289156627,139
2023,"DePaul",17.0285227756492,254,48.105576841209,273,34.8659003831418,65,19.7569580556644,94,51.9012152097217,138,28.3418267346139,261
2023,"Delaware",19.6396396396396,96,51.981981981982,141,28.3783783783784,258,17.0688898639754,241,52.3913997367266,127,30.5397103992979,187
2023,"Delaware St.",17.8935447338618,199,56.2853907134768,33,25.8210645526614,312,18.794159208667,140,43.3349034385304,349,37.8709373528026,14
2023,"Denver",21.4883720930233,35,59.2558139534884,12,19.2558139534884,362,16.7699115044248,260,50.4424778761062,207,32.787610619469,106
2023,"Detroit Mercy",16.9679539852095,260,42.974527526705,356,40.0575184880855,8,16.9764560099133,247,49.3184634448575,239,33.7050805452292,75
2023,"Drake",17.1279582831929,244,51.5844364219816,153,31.2876052948255,168,17.0475319926874,244,51.2797074954296,165,31.672760511883,148
2023,"Drexel",17.1707317073171,242,50.6341463414634,198,32.1951219512195,138,15.3688524590164,327,59.1188524590164,7,25.5122950819672,342
2023,"Duke",18.3256172839506,174,53.3179012345679,99,28.3564814814815,260,16.4192139737991,273,53.9737991266376,69,29.6069868995633,219
2023,"Duquesne",15.210355987055,331,48.1391585760518,271,36.6504854368932,30,19.4302721088435,109,52.1258503401361,134,28.4438775510204,255
2023,"East Carolina",21.3121972699251,38,45.7948040510788,320,32.892998678996,120,19.3811774817361,111,52.7718091963902,112,27.8470133218737,281
2023,"East Tennessee St.",17.165277096616,243,55.321235899951,51,27.5134870034331,287,16.2991371045062,280,48.6097794822627,259,35.0910834132311,47
2023,"Eastern Illinois",17.5863847343992,218,59.2057761732852,13,23.2078390923156,342,17.9832713754647,194,47.3048327137546,304,34.7118959107807,52
2023,"Eastern Kentucky",14.0637450199203,355,55.2191235059761,54,30.7171314741036,184,15.5688622754491,319,49.8203592814371,226,34.6107784431138,57
2023,"Eastern Michigan",20.0092421441774,79,54.3438077634011,74,25.6469500924214,314,18.1631816318163,184,50.5945059450595,201,31.2423124231242,164
2023,"Eastern Washington",17.4404521598708,227,48.0419862737182,276,34.517561566411,74,18.0631578947368,187,46.0631578947368,326,35.8736842105263,32
2023,"Elon",16.8844746471511,266,52.3784631468897,124,30.7370622059592,182,16.4743885556068,271,44.76234425473,342,38.7632671896631,10
2023,"Evansville",17.0255383074612,255,53.0796194291437,103,29.8948422633951,211,17.0641447368421,242,48.0263157894737,289,34.9095394736842,50
2023,"FIU",16.5977011494253,287,55.264367816092,53,28.1379310344828,270,17.9611650485437,195,47.7493380406002,296,34.2894969108561,62
2023,"Fairfield",22.8971962616822,13,50.7788161993769,192,26.3239875389408,308,17.15,238,59.6,4,23.25,357
2023,"Fairleigh Dickinson",17.0805116629044,249,51.5425131677953,157,31.3769751693002,161,18.9497716894977,131,49.5433789954338,235,31.5068493150685,155
2023,"Florida",20.0340280731604,78,51.8928115695449,147,28.0731603572948,273,18.1978798586572,180,56.3604240282686,27,25.4416961130742,343
2023,"Florida A&M",19.7201017811705,92,49.7455470737914,228,30.5343511450382,195,22.4713242961418,26,51.40771637122,159,26.1209593326382,331
2023,"Florida Atlantic",16.4158207910396,294,46.4123206160308,307,37.1718585929296,25,17.3877214668315,231,52.3279769262464,130,30.2843016069221,195
2023,"Florida Gulf Coast",16.8735632183908,267,44.7816091954023,331,38.3448275862069,13,16.1499305876909,288,49.6992133271633,230,34.1508560851458,64
2023,"Florida St.",18.2965299684543,178,53.4474988733664,95,28.2559711581794,263,18.040180401804,192,46.1664616646166,324,35.7933579335793,34
2023,"Fordham",22.3063973063973,18,45.8754208754209,317,31.8181818181818,150,22.5459435230838,25,53.2496638278799,95,24.2043926490363,353
2023,"Fresno St.",16.0629921259843,310,51.6535433070866,151,32.2834645669291,137,19.2424242424242,118,47.5757575757576,299,33.1818181818182,95
2023,"Furman",18.8744257274119,147,45.8652373660031,318,35.260336906585,58,18.3014861995754,173,54.1825902335456,63,27.515923566879,297
2023,"Gardner Webb",17.638036809816,212,55.521472392638,46,26.840490797546,297,22.4004138644594,29,46.5597516813244,320,31.0398344542162,168
2023,"George Mason",18.8712522045855,148,49.3827160493827,240,31.7460317460317,152,19.1891891891892,123,54.0540540540541,66,26.7567567567568,315
2023,"George Washington",19.5246179966044,101,52.7164685908319,112,27.7589134125637,282,15.8531497705465,306,50.479766374635,206,33.6670838548185,77
2023,"Georgetown",18.1573033707865,185,56.8988764044944,26,24.9438202247191,329,14.24,352,48.8,255,36.96,22
2023,"Georgia",23.8030095759234,4,46.7852257181943,293,29.4117647058824,225,16.7321974661424,261,53.91000436872,74,29.3577981651376,228
2023,"Georgia Southern",16.8489065606362,271,55.2683896620278,52,27.882703777336,279,19.7657393850659,93,50.6588579795022,197,29.5754026354319,220
2023,"Georgia St.",20.9659714599341,43,55.9824368825467,37,23.0515916575192,344,20.1913393756294,78,50.6545820745216,198,29.1540785498489,237
2023,"Georgia Tech",14.4199154532644,348,51.1977454203852,166,34.3823391263504,81,18.0505415162455,189,55.14440433213,47,26.8050541516245,313
2023,"Gonzaga",17.0524942940985,252,56.537332898598,31,26.4101728073036,306,15.6378600823045,316,50.579872802095,202,33.7822671156004,73
2023,"Grambling St.",20.9268991877688,45,55.9961777353082,36,23.0769230769231,343,23.3759590792839,11,45.9335038363171,331,30.690537084399,180
2023,"Grand Canyon",19.9664429530201,83,45.3020134228188,324,34.7315436241611,69,19.6929824561403,98,53.5964912280702,84,26.7105263157895,318
2023,"Green Bay",19.3888303477345,107,46.1538461538462,314,34.4573234984194,79,17.9403351042092,196,54.8426644871271,52,27.2170004086637,305
2023,"Hampton",19.6275071633238,97,48.9971346704871,252,31.3753581661891,162,18.5460553490293,154,49.9793473771169,221,31.4745972738538,157
2023,"Hartford",14.2761394101877,352,50.9383378016086,178,34.7855227882038,67,15.0187065740246,336,51.6301443078568,152,33.3511491181187,88
2023,"Harvard",17.6271186440678,213,54.9152542372881,64,27.4576271186441,289,16.1290322580645,292,52.4193548387097,125,31.4516129032258,158
2023,"Hawaii",20.5260685767966,56,49.6007515265383,234,29.8731798966651,212,18.5483870967742,152,60.2822580645161,2,21.1693548387097,363
2023,"High Point",19.4959581550166,103,49.8335710889206,224,30.6704707560628,188,18.9008042895442,136,51.2064343163539,170,29.8927613941019,211
2023,"Hofstra",12.3265953230281,363,53.4284581847008,96,34.2449464922711,86,15.8611599297012,305,53.9543057996485,71,30.1845342706503,198
2023,"Holy Cross",14.161554192229,354,55.9304703476483,38,29.9079754601227,208,15.2828467153285,330,56.9343065693431,16,27.7828467153285,283
2023,"Houston",16.8231046931408,274,52.4187725631769,122,30.7581227436823,180,22.3894637817498,30,44.590780809031,345,33.0197554092192,100
2023,"Houston Christian",22.3144306131858,17,44.3522360534809,340,33.3333333333333,113,16.9505271695053,249,56.0421735604217,34,27.007299270073,311
2023,"Howard",18.1276595744681,188,49.9574468085106,222,31.9148936170213,147,18.8325521942906,139,51.3847464848743,161,29.7827013208351,213
2023,"IUPUI",18.3631713554987,171,60.460358056266,7,21.1764705882353,353,20.0169635284139,86,48.1764206955047,279,31.8066157760814,140
2023,"Idaho",20.9770114942529,42,52.5862068965517,116,26.4367816091954,305,17.5548589341693,218,53.8289296909987,80,28.6162113748321,247
2023,"Idaho St.",17.2749391727494,237,50.316301703163,210,32.4087591240876,133,21.497919556172,45,53.5367545076283,87,24.9653259361997,348
2023,"Illinois",18.4747145187602,167,50.815660685155,189,30.7096247960848,185,18.5469314079422,153,54.7833935018051,54,26.6696750902527,319
2023,"Illinois Chicago",18.7227866473149,157,45.2830188679245,325,35.9941944847605,45,18.8948306595365,137,53.030303030303,104,28.0748663101604,273
2023,"Illinois St.",19.7931358721204,88,47.4847202632816,284,32.722143864598,125,18.6252771618625,145,51.4412416851441,157,29.9334811529933,210
2023,"Incarnate Word",20.4391008886566,62,52.2739153162572,128,27.2869837950863,293,17.73656680932,212,54.303376129339,61,27.9600570613409,277
2023,"Indiana",16.3608562691131,298,60.7033639143731,6,22.9357798165138,345,18.1780366056572,183,49.0016638935108,250,32.8202995008319,104
2023,"Indiana St.",17.6727272727273,208,46.3272727272727,309,36,44,18.7371873718737,141,52.4805248052481,123,28.7822878228782,243
2023,"Iona",17.0300751879699,253,55.1127819548872,59,27.8571428571429,280,19.0683500217675,126,53.8963865912059,75,27.0352633870266,309
2023,"Iowa",18.7358062074186,156,51.1733535200606,168,30.0908402725208,207,14.2857142857143,351,57.224025974026,15,28.4902597402597,252
2023,"Iowa St.",15.7776781712237,319,55.8493948901838,41,28.3729269385926,259,22.8834059022738,20,40.5418480890179,361,36.5747460087083,27
2023,"Jackson St.",18.9516129032258,143,52.9569892473118,106,28.0913978494624,272,19.0613421160972,128,48.8266776451214,254,32.1119802387814,129
2023,"Jacksonville",14.8078134845621,339,51.9218651543793,146,33.2703213610586,115,16.5279429250892,269,43.5196195005945,348,39.9524375743163,7
2023,"Jacksonville St.",18.0851063829787,192,43.936170212766,349,37.9787234042553,17,17.4022066198596,230,42.1263791374122,358,40.4714142427282,5
2023,"James Madison",20.910261914985,46,49.720910261915,229,29.3688278231,227,17.8588346755092,206,52.865940312648,107,29.2752250118427,231
2023,"Kansas",16.9429097605893,261,55.3222836095764,50,27.7348066298343,285,19.3469387755102,115,52.4897959183673,122,28.1632653061224,270
2023,"Kansas St.",20.4959883296864,58,51.2764405543399,162,28.2275711159737,266,20.8349900596421,59,51.1332007952286,175,28.0318091451292,275
2023,"Kennesaw St.",18.4020399490013,170,49.468763280918,237,32.1291967700807,142,20.0176366843034,85,48.5008818342152,264,31.4814814814815,156
2023,"Kent St.",18.3246073298429,175,50.9867096254531,175,30.688683044704,187,22.5615314494075,24,46.9462169553327,310,30.4922515952598,189
2023,"Kentucky",18.2069510268562,183,56.5560821484992,30,25.2369668246446,323,18.6117136659436,147,52.4945770065076,121,28.8937093275488,239
2023,"LIU",18.796992481203,153,60.3817235396183,9,20.8212839791787,355,16.5988240615106,265,53.5504296698327,86,29.8507462686567,212
2023,"LSU",20.4392649036307,61,47.4226804123711,285,32.1380546839982,141,17.4378748928877,227,48.5004284490146,265,34.0616966580977,66
2023,"La Salle",16.849199663016,270,51.8112889637742,149,31.3395113732098,166,17.5040518638574,222,53.322528363047,92,29.1734197730956,236
2023,"Lafayette",13.5849056603774,359,44.2452830188679,343,42.1698113207547,3,16.8010752688172,259,48.6559139784946,256,34.5430107526882,58
2023,"Lamar",19.3844492440605,109,55.8315334773218,42,24.7840172786177,332,16.3764705882353,274,48.1882352941176,278,35.4352941176471,37
2023,"Lehigh",18.9700472937467,142,52.3384130320547,126,28.6915396741986,250,16.2474849094567,284,55.2313883299799,43,28.5211267605634,251
2023,"Liberty",14.4824707846411,346,44.5742904841402,335,40.9432387312187,6,17.1122994652406,240,51.5313563441906,155,31.3563441905688,159
2023,"Lindenwood",17.491075981642,224,49.7705252422234,225,32.7383987761346,123,17.0444242973708,245,48.4134179510426,270,34.5421577515866,59
2023,"Lipscomb",14.3685854529228,350,53.1012940651495,102,32.5301204819277,128,14.8692060578247,341,51.1243689765948,176,34.0064249655805,68
2023,"Little Rock",19.2853870819972,118,56.8025652771415,28,23.9120476408612,337,18.023008095441,193,48.4874307626758,266,33.4895611418833,82
2023,"Long Beach St.",19.3768672641912,110,62.8254374733248,1,17.797695262484,363,18.0579216354344,188,48.4667802385009,268,33.4752981260647,83
2023,"Longwood",19.3048379520902,115,49.9765147956787,221,30.7186472522311,183,19.1863385233551,124,46.3083877448518,322,34.5052737317931,60
2023,"Louisiana",19.0353143841516,135,54.349698535745,73,26.6149870801034,302,19.1352345906164,125,55.1977920883165,45,25.6669733210672,336
2023,"Louisiana Monroe",19.0217391304348,136,46.4130434782609,306,34.5652173913044,72,16.923818707811,252,49.6624879459981,231,33.4136933461909,84
2023,"Louisiana Tech",16.7141500474834,279,48.5280151946819,262,34.7578347578348,68,19.8611111111111,89,43.3333333333333,350,36.8055555555556,25
2023,"Louisville",20.2346041055718,69,50.4398826979472,206,29.3255131964809,229,16.9484536082474,250,50.8865979381443,187,32.1649484536082,125
2023,"Loyola Chicago",16.9937769267592,259,51.4121589277166,160,31.5940641455242,155,21.6288384512684,42,48.5981308411215,261,29.7730307076101,214
2023,"Loyola MD",15.0832517140059,334,50.5386875612145,203,34.3780607247796,82,15.9550561797753,301,53.0337078651685,103,31.0112359550562,170
2023,"Loyola Marymount",16.6368515205724,284,46.3327370304115,308,37.0304114490161,26,19.7202166064982,96,53.8808664259928,77,26.398916967509,326
2023,"Maine",13.9709833422891,357,55.8839333691564,39,30.1450832885545,205,16.1192521475493,293,53.8655886811521,78,30.0151591712986,205
2023,"Manhattan",17.4093264248705,231,52.7461139896373,111,29.8445595854922,213,17.3178967679691,235,50.5547515677762,204,32.1273516642547,128
2023,"Marist",17.39336492891,232,46.6350710900474,299,35.9715639810427,46,17.5374829622899,219,48.5233984552476,262,33.9391185824625,69
2023,"Marquette",14.7759103641457,341,51.4005602240896,161,33.8235294117647,98,16.7193675889328,262,51.3833992094862,162,31.897233201581,137
2023,"Marshall",14.7794994040524,340,55.0655542312277,62,30.1549463647199,203,15.8061594202899,309,55.5253623188406,39,28.6684782608696,245
2023,"Maryland",19.7950819672131,87,51.5573770491803,155,28.6475409836066,254,17.8667866786679,205,55.5355535553555,38,26.5976597659766,322
2023,"Maryland Eastern Shore",19.1004997223765,132,48.0843975569128,274,32.8151027207107,121,19.5266272189349,106,51.4254975793437,158,29.0478752017214,238
2023,"Massachusetts",19.9260286638927,86,54.8312528895053,66,25.2427184466019,322,18.6991869918699,142,48.509485094851,263,32.7913279132791,105
2023,"McNeese St.",16.6369313113292,283,50.3122212310437,211,33.0508474576271,118,18.5185185185185,155,47.5507765830346,301,33.9307048984468,70
2023,"Memphis",19.9784017278618,80,56.8034557235421,27,23.2181425485961,341,21.3773885350318,47,45.3025477707006,339,33.3200636942675,91
2023,"Mercer",16.780487804878,278,57.7560975609756,22,25.4634146341463,320,21.1031175059952,53,51.7026378896882,145,27.1942446043165,306
2023,"Merrimack",19.7275479313824,91,45.0050454086781,329,35.2674066599395,57,16.357421875,277,56.25,29,27.392578125,300
2023,"Miami FL",18.1538461538462,186,53.3333333333333,98,28.5128205128205,257,14.8064637354378,344,53.0627583615182,102,32.130777903044,126
2023,"Miami OH",19.6658711217184,94,48.9737470167064,253,31.3603818615752,163,20.2141900937082,76,51.4056224899598,160,28.380187416332,260
2023,"Michigan",17.5220529270249,221,51.0825982357658,172,31.3953488372093,159,15.8005914659907,310,55.9357836924377,35,28.2636248415716,265
2023,"Michigan St.",16.632102861883,285,52.0116134384073,140,31.3562836997097,164,17.150281507146,237,51.0177566045907,180,31.8319618882633,138
2023,"Middle Tennessee",16.4434180138568,292,53.7644341801386,90,29.7921478060046,214,20.2057998129093,77,51.1693171188026,174,28.6248830682881,246
2023,"Milwaukee",18.6995325116872,160,50.3187420314492,209,30.9817254568636,174,18.3157894736842,171,48.3368421052632,273,33.3473684210526,90
2023,"Minnesota",16.2647511544382,302,54.1816316059518,78,29.5536172396101,221,14.8047229791099,345,56.8574023614896,17,28.3378746594005,262
2023,"Mississippi",17.6021553659632,216,55.0516389762012,63,27.3462056578357,292,18.5607722685388,149,52.7424308907416,114,28.6967968407196,244
2023,"Mississippi St.",18.9794091316025,141,57.1172784243509,25,23.9033124440466,338,17.607332368548,216,45.9237819585142,332,36.4688856729378,28
2023,"Mississippi Valley St.",21.7613927291347,27,53.3538146441372,97,24.8847926267281,330,20.3595317725753,72,47.9096989966555,292,31.7307692307692,146
2023,"Missouri",16.6908037653874,282,48.0086893555395,277,35.3005068790731,56,19.7004608294931,97,44.7004608294931,344,35.5990783410138,35
2023,"Missouri St.",14.5337301587302,345,49.3055555555556,243,36.1607142857143,40,18.1864235055724,182,50.0506585612969,220,31.7629179331307,141
2023,"Monmouth",20.1375245579568,73,60.1178781925344,10,19.7445972495088,360,20.397404703974,71,42.2546634225466,357,37.3479318734793,20
2023,"Montana",17.6103646833013,215,48.2725527831094,269,34.1170825335893,90,22.249151720795,33,51.8662142510906,139,25.8846340281144,335
2023,"Montana St.",24.6364414029085,3,51.7536355859709,150,23.6099230111206,340,20.6849932401983,62,51.194231635872,171,28.1207751239297,272
2023,"Morehead St.",20.4934541792548,59,46.4249748237664,304,33.0815709969789,117,17.0493404982902,243,57.743038593063,12,25.2076209086468,345
2023,"Morgan St.",18.0805938494168,193,54.0827147401909,81,27.8366914103924,281,21.9272369714848,38,53.5889872173058,85,24.4837758112094,352
2023,"Mount St. Mary's",16.4135227829495,295,52.1313081822636,135,31.4551690347869,158,17.7552897884085,211,51.6099356025759,153,30.6347746090156,186
2023,"Murray St.",20.0554528650647,76,53.8817005545286,86,26.0628465804067,311,14.5648312611012,350,50.7992895204263,192,34.6358792184725,56
2023,"N.C. State",15.0586454786228,335,53.0457813091184,105,31.8955732122588,148,20.141196013289,81,54.3189368770764,60,25.5398671096346,339
2023,"NJIT",16.4852255054432,290,53.8102643856921,89,29.7045101088647,218,15.2510558423275,331,52.3697794462694,129,32.3791647114031,117
2023,"Navy",13.9873725109276,356,52.6469159786304,114,33.365711510442,111,16.2327718223583,285,51.4548238897397,156,32.312404287902,121
2023,"Nebraska",14.8505747126437,338,55.632183908046,45,29.5172413793103,223,13.1932021466905,360,48.0322003577818,288,38.7745974955277,9
2023,"Nebraska Omaha",19.2528735632184,125,56.0344827586207,34,24.7126436781609,333,19.061707523246,127,46.8300929839391,314,34.1081994928149,65
2023,"Nevada",23.444976076555,8,47.3249238799478,288,29.2301000434972,235,19.0018315018315,130,47.0695970695971,308,33.9285714285714,71
2023,"New Hampshire",18.2421227197347,179,45.1077943615257,327,36.6500829187396,31,17.7088807146611,213,56.7524960588544,20,25.5386232264845,340
2023,"New Mexico",21.5338118624858,32,57.2723838307518,24,21.1938043067624,352,16.5718927701056,267,51.2591389114541,167,32.1689683184403,124
2023,"New Mexico St.",19.1176470588235,131,50,220,30.8823529411765,175,19.9367088607595,88,42.6582278481013,355,37.4050632911392,17
2023,"New Orleans",19.672131147541,93,55.1912568306011,58,25.1366120218579,325,21.5237302248127,44,49.8751040799334,225,28.601165695254,249
2023,"Niagara",17.6623376623377,210,53.8181818181818,88,28.5194805194805,256,19.6885986941236,99,53.9427423405324,72,26.368658965344,327
2023,"Nicholls St.",14.9718957588145,337,54.6755237608585,67,30.352580480327,199,25.0980392156863,3,45.4901960784314,337,29.4117647058824,226
2023,"Norfolk St.",22.2170032879286,19,52.1371535932363,134,25.6458431188351,315,19.9511002444988,87,40.880195599022,360,39.1687041564792,8
2023,"North Alabama",17.3085846867749,235,52.3433874709977,125,30.3480278422274,200,17.9006968641115,200,49.5644599303136,234,32.5348432055749,113
2023,"North Carolina",21.7979315831344,25,50.2784407319014,212,27.9236276849642,277,16.025641025641,296,56.6666666666667,22,27.3076923076923,303
2023,"North Carolina A&T",17.8047546788063,205,48.0526049570056,275,34.1426403641882,89,17.3734610123119,232,50.8891928864569,186,31.7373461012312,144
2023,"North Carolina Central",19.2640692640693,124,51.8398268398268,148,28.8961038961039,245,20.056657223796,83,52.2379603399433,132,27.7053824362606,287
2023,"North Dakota",15.623572407492,322,46.4138876199178,305,37.9625399725902,18,16.3589523400601,276,56.8484328037784,18,26.7926148561614,314
2023,"North Dakota St.",18.2144459398834,181,51.2337371018394,163,30.5518169582773,194,16.8329718004338,257,53.1019522776573,101,30.0650759219089,203
2023,"North Florida",16.0977859778598,308,42.8044280442804,357,41.0977859778598,4,14.1048034934498,353,60.3493449781659,1,25.5458515283843,338
2023,"North Texas",18.8118811881188,151,45.8028411536806,319,35.3852776582006,54,23.7179487179487,9,49.2110453648915,241,27.0710059171598,307
2023,"Northeastern",16.5390505359877,289,51.1485451761103,169,32.312404287902,135,18.4186046511628,165,56.4651162790698,26,25.1162790697674,346
2023,"Northern Arizona",16.8337510442774,272,49.4569757727652,238,33.7092731829574,105,20.6361829025845,63,49.065606361829,247,30.2982107355865,194
2023,"Northern Colorado",18.32895888014,173,47.9440069991251,278,33.7270341207349,103,17.8008298755187,210,56.1825726141079,31,26.0165975103734,333
2023,"Northern Illinois",17.5751879699248,220,51.9736842105263,142,30.4511278195489,197,19.6881959910913,100,52.1158129175947,135,28.195991091314,269
2023,"Northern Iowa",17.4848059841047,225,50.958391771856,176,31.5568022440393,156,15.2124257651896,333,44.7693010507081,341,40.0182731841023,6
2023,"Northern Kentucky",16.2579473206176,303,47.7747502270663,281,35.9673024523161,47,17.3383317713215,233,48.6410496719775,257,34.020618556701,67
2023,"Northwestern",19.1923577941815,129,47.0690403821103,291,33.7386018237082,101,18.2286785379569,178,45.9231490159325,333,35.8481724461106,33
2023,"Northwestern St.",15.6040268456376,323,50.6711409395973,196,33.7248322147651,104,22.1212121212121,35,52.5541125541126,118,25.3246753246753,344
2023,"Notre Dame",14.5936237090256,343,47.4180511899416,287,37.9883251010328,16,15.9514521022974,302,54.0095361941916,68,30.0390117035111,204
2023,"Oakland",20.0886917960089,75,50.3769401330377,208,29.5343680709534,222,13.5403726708075,358,51.6770186335404,147,34.7826086956522,51
2023,"Ohio",16.1912414624347,306,49.3370831659301,241,34.4716753716352,78,18.4043900379907,166,50.0633178556353,218,31.532292106374,152
2023,"Ohio St.",15.8786446020489,314,55.8707643814027,40,28.2505910165485,264,17.1913835956918,236,52.8583264291632,109,29.950289975145,209
2023,"Oklahoma",17.4133949191686,230,51.5473441108545,156,31.0392609699769,173,18.047200370199,191,57.3808422026839,14,24.5719574271171,351
2023,"Oklahoma St.",18.7550854353133,155,51.0984540276648,170,30.146460537022,204,20.042194092827,84,47.6793248945148,298,32.2784810126582,123
2023,"Old Dominion",20.9395302348826,44,55.0724637681159,61,23.9880059970015,336,19.358074222668,114,46.9408224674022,311,33.7011033099298,76
2023,"Oral Roberts",14.5742574257426,344,46.5742574257426,302,38.8514851485149,11,13.8121546961326,356,50.2762430939227,213,35.9116022099448,31
2023,"Oregon",17.8599527930763,202,51.9276160503541,145,30.2124311565696,202,16.303436714166,279,50.3772003352892,209,33.3193629505448,92
2023,"Oregon St.",21.5884861407249,31,48.5074626865672,265,29.9040511727079,210,19.6342637151107,101,48.604427333975,260,31.7613089509143,142
2023,"Pacific",18.6036611323968,163,46.9135802469136,292,34.4827586206897,77,18.4362139917695,163,49.4650205761317,236,32.0987654320988,130
2023,"Penn",17.0222634508349,256,50.556586270872,202,32.4211502782931,132,17.8180085755121,209,46.0219151977132,328,36.1600762267747,30
2023,"Penn St.",12.4205013093902,362,44.3696221473999,338,43.2098765432099,2,15.4912836767036,323,52.7733755942948,111,31.7353407290016,145
2023,"Pepperdine",15.5087404751233,325,53.6978933213805,92,30.7933662034962,178,17.8827498945593,201,53.6482496836778,83,28.469000421763,253
2023,"Pittsburgh",19.1937869822485,128,44.7485207100592,333,36.0576923076923,43,18.0478087649402,190,49.3227091633466,238,32.6294820717131,108
2023,"Portland",23.0542700883467,12,40.4711821623896,362,36.4745477492638,33,14.7166734610681,348,46.8813697513249,312,38.401956787607,12
2023,"Portland St.",20.4119850187266,64,50.936329588015,179,28.6516853932584,253,23.8871749669458,6,50.5949757602468,200,25.5178492728074,341
2023,"Prairie View A&M",19.9595755432036,84,52.1475492673067,131,27.8928751894896,278,23.767691556857,8,48.9995119570522,251,27.2327964860908,304
2023,"Presbyterian",19.2991913746631,116,51.4285714285714,158,29.2722371967655,231,19.3747039317859,112,50.4973945997158,205,30.1279014684983,200
2023,"Princeton",17.1735241502683,240,50.0894454382826,215,32.737030411449,124,16.812015503876,258,55.4263565891473,41,27.7616279069767,285
2023,"Providence",20.846394984326,48,53.5266457680251,94,25.6269592476489,317,15.962441314554,300,55.228339735382,44,28.809218950064,241
2023,"Purdue",21.0774675580024,41,50.7274872198191,194,28.1950452221785,269,13.0692167577413,361,56.1930783242259,30,30.7377049180328,176
2023,"Purdue Fort Wayne",16.9073125291104,263,44.2477876106195,342,38.8448998602701,12,13.8297872340426,355,55.5041628122109,40,30.6660499537465,183
2023,"Queens",20.1851035698546,70,43.9841339797267,346,35.8307624504187,48,14.6954986760812,349,54.1924095322154,62,31.1120917917034,166
2023,"Quinnipiac",18.0080035571365,195,48.377056469542,267,33.6149399733215,108,16.458622283865,272,53.166897827092,98,30.374479889043,191
2023,"Radford",15.4741379310345,326,56.4655172413793,32,28.0603448275862,274,17.4955595026643,223,52.3978685612789,126,30.1065719360568,201
2023,"Rhode Island",23.7536656891496,6,51.6129032258064,152,24.633431085044,334,18.310502283105,172,53.8812785388128,76,27.8082191780822,282
2023,"Rice",18.4461985874533,169,47.7773161611965,280,33.7764852513502,100,14.0811455847255,354,52.744630071599,113,33.1742243436754,96
2023,"Richmond",19.3576770787506,111,46.1944566652002,312,34.4478662560493,80,16.092981671882,294,50.2458649977649,215,33.6611533303532,78
2023,"Rider",17.8394449950446,204,60.7532210109019,5,21.4073339940535,351,19.8280222559433,91,43.2979261507334,351,36.8740515933232,24
2023,"Robert Morris",16.5391969407266,288,54.2065009560229,76,29.2543021032505,233,18.6190476190476,146,52.9523809523809,105,28.4285714285714,257
2023,"Rutgers",17.0679277730009,250,57.7815993121238,21,25.1504729148753,324,16.8350168350168,256,47.8114478114478,294,35.3535353535354,42
2023,"SIU Edwardsville",23.4061930783242,9,47.9052823315118,279,28.6885245901639,251,20.4251386321627,69,49.9075785582255,224,29.6672828096118,217
2023,"SMU",18.9946619217082,138,54.1814946619217,79,26.8238434163701,298,18.3209263854425,170,51.0339123242349,178,30.6451612903226,184
2023,"Sacramento St.",16.0786290322581,309,53.2258064516129,100,30.695564516129,186,15.4698795180723,324,57.9277108433735,11,26.6024096385542,321
2023,"Sacred Heart",16.1290322580645,307,55.1075268817204,60,28.7634408602151,248,15.7940663176265,311,52.5305410122164,119,31.6753926701571,147
2023,"Saint Joseph's",19.3467336683417,114,44.2211055276382,344,36.4321608040201,34,18.6270406027627,144,46.7141063206362,318,34.6588530766011,55
2023,"Saint Louis",16.8544013350021,268,55.7363370880267,44,27.4092615769712,291,19.6078431372549,102,48.1045751633987,284,32.2875816993464,122
2023,"Saint Mary's",17.5805776475513,219,50.8999581414818,184,31.5194642109669,157,19.2062714355708,120,53.3072023517883,93,27.4865262126409,298
2023,"Saint Peter's",18.2203389830508,180,53.1779661016949,101,28.6016949152542,255,27.2145669291339,1,45.7677165354331,335,27.0177165354331,310
2023,"Sam Houston St.",17.9133858267717,198,48.1299212598425,272,33.9566929133858,95,21.0810810810811,54,40.3243243243243,362,38.5945945945946,11
2023,"Samford",22.3354958294717,16,41.5199258572753,360,36.144578313253,41,20.4253214638971,68,41.7408506429278,359,37.8338278931751,16
2023,"San Diego",18.8517179023508,150,50.9041591320072,183,30.244122965642,201,16.1385720321082,290,46.9792986903253,309,36.8821292775665,23
2023,"San Diego St.",19.6268656716418,98,52.1641791044776,130,28.2089552238806,267,19.6029776674938,103,51.1166253101737,177,29.2803970223325,230
2023,"San Francisco",18.3379944067119,172,40.6711945665202,361,40.9908110267679,5,22.680412371134,22,49.7319587628866,229,27.5876288659794,294
2023,"San Jose St.",15.5369718309859,324,50.5281690140845,205,33.9348591549296,96,18.4444444444444,161,50.7555555555556,194,30.8,173
2023,"Santa Clara",17.0169765561843,257,50.6063055780113,199,32.3767178658044,134,15.4530059271804,325,49.618966977138,232,34.9280270956816,49
2023,"Seattle",19.9715370018975,82,44.3074003795066,341,35.7210626185958,51,19.4669205140409,108,52.8319847691575,110,27.7010947168015,289
2023,"Seton Hall",21.8491260349586,23,52.621895124195,115,25.5289788408464,319,19.1977077363897,122,50.7163323782235,196,30.0859598853868,202
2023,"Siena",20.501138952164,57,50.3872437357631,207,29.1116173120729,238,18.5495118549512,151,58.2984658298466,10,23.1520223152022,360
2023,"South Alabama",12.7604166666667,361,55.2083333333333,55,32.03125,145,17.926267281106,198,60.0921658986175,3,21.9815668202765,362
2023,"South Carolina",15.8814958717824,313,48.5672656629432,259,35.5512384652744,53,15.8347676419966,308,54.7332185886403,55,29.4320137693632,225
2023,"South Carolina St.",17.0596393897365,251,55.2011095700416,56,27.7392510402219,284,21.4088941361669,46,48.957103502558,253,29.6340023612751,218
2023,"South Dakota",17.6142131979695,214,44.7715736040609,332,37.6142131979695,21,18.1944444444444,181,48.0555555555556,286,33.75,74
2023,"South Dakota St.",17.7574370709382,207,50.2517162471396,213,31.9908466819222,146,14.745062011943,347,51.6306844281121,151,33.6242535599449,80
2023,"South Florida",16.4567954841511,291,52.8006947459835,110,30.7425097698654,181,21.3634389926183,48,46.7216673903604,316,31.9148936170213,136
2023,"Southeast Missouri St.",21.3058419243986,39,47.4226804123711,285,31.2714776632302,169,22.9632436528988,19,49.1852974611595,242,27.8514588859416,280
2023,"Southeastern Louisiana",18.9954337899543,137,51.4155251141553,159,29.5890410958904,220,17.6919622810956,214,46.8792096991468,313,35.4288280197575,38
2023,"Southern",20.4306220095694,63,47.2727272727273,290,32.2966507177034,136,22.4442379182156,27,46.4684014869888,321,31.0873605947955,167
2023,"Southern Illinois",17.5961538461538,217,46.6346153846154,300,35.7692307692308,50,16.8607594936709,254,53.6708860759494,82,29.4683544303797,224
2023,"Southern Indiana",18.3029764549089,177,43.9804531319414,347,37.7165704131497,19,21.754233608337,41,46.7216673903604,316,31.5240990013026,154
2023,"Southern Miss",18.7845303867403,154,51.9337016574586,143,29.2817679558011,230,18.5093780848963,156,50.2467917077986,214,31.243830207305,163
2023,"Southern Utah",21.6858237547893,29,47.7394636015326,282,30.5747126436782,192,17.8781925343811,203,51.9449901768173,137,30.1768172888016,199
2023,"St. Bonaventure",17.4157303370787,229,50.8426966292135,188,31.7415730337079,153,23.1408775981524,15,49.9769053117783,222,26.8822170900693,312
2023,"St. Francis NY",19.171866137266,130,49.0073737946682,251,31.8207600680658,149,17.8347280334728,207,55.6485355648536,37,26.5167364016736,323
2023,"St. Francis PA",18.1021897810219,191,51.0948905109489,171,30.8029197080292,177,16.551724137931,268,54.8965517241379,51,28.551724137931,250
2023,"St. John's",16.4184952978056,293,60.8934169278997,4,22.6880877742947,348,17.4929463925836,224,49.012494961709,248,33.4945586457074,81
2023,"St. Thomas",18.7973273942094,152,44.1870824053452,345,37.0155902004454,27,18.2521620391443,177,53.3454710969504,91,28.4023668639053,258
2023,"Stanford",16.2860835846618,301,49.2029297716501,245,34.5109866436881,75,16.8882978723404,253,48.1382978723404,281,34.9734042553191,48
2023,"Stephen F. Austin",21.3687150837989,37,53.6312849162011,93,25,328,22.2116753678215,34,49.4542002847651,237,28.3341243474134,263
2023,"Stetson",15.6465715600552,321,45.0069028992177,328,39.3465255407271,10,17.4552135966927,226,51.2632062471291,166,31.2815801561782,161
2023,"Stonehill",19.3548387096774,112,46.4717741935484,303,34.1733870967742,88,16.1458333333333,289,48.4848484848485,267,35.3693181818182,40
2023,"Stony Brook",18.9203354297694,146,45.7023060796646,321,35.377358490566,55,15.4201292705448,326,47.1837488457987,305,37.3961218836565,18
2023,"Syracuse",18.212478920742,182,56.7453625632378,29,25.0421585160202,327,12.9447063866267,362,44.7492498928418,343,42.3060437205315,2
2023,"TCU",19.248291571754,126,58.3143507972665,19,22.4373576309795,349,18.0793319415449,186,54.3632567849687,59,27.5574112734864,296
2023,"Tarleton St.",26.2198127156235,1,54.4110399211434,70,19.3691473632331,361,23.9657631954351,5,42.7960057061341,353,33.2382310984308,94
2023,"Temple",20.8352043107319,50,44.8136506511001,330,34.3511450381679,84,18.4245660881175,164,53.1375166889186,99,28.437917222964,256
2023,"Tennessee",17.8641539065567,201,49.6270121711818,233,32.5088339222615,129,22.0729366602687,36,47.6967370441459,297,30.2303262955854,197
2023,"Tennessee Martin",20.4063205417607,65,52.0993227990971,139,27.4943566591422,288,19.2221725525257,119,48.1895395619133,277,32.588287885561,111
2023,"Tennessee St.",19.0633869441816,133,46.7360454115421,297,34.2005676442763,87,24.2438563327032,4,49.2438563327032,240,26.5122873345936,324
2023,"Tennessee Tech",17.2062904717854,239,44.4958371877891,337,38.2978723404255,14,15.6236129604971,318,51.7532179316467,144,32.6231691078562,110
2023,"Texas",17.651029362133,211,54.6068174147823,68,27.7421532230847,283,20.4034134988363,70,51.6679596586501,148,27.9286268425136,278
2023,"Texas A&M",25.9709690074539,2,48.4896037661828,266,25.5394272263633,318,20.2406532015471,75,42.3721529866781,356,37.3871938117748,19
2023,"Texas A&M Commerce",15.8779301194162,315,49.093321539142,248,35.0287483414418,61,20.5473684210526,64,52.0421052631579,136,27.4105263157895,299
2023,"Texas A&M Corpus Chris",21.6528925619835,30,49.0909090909091,249,29.2561983471074,232,19.8510078878177,90,48.2033304119194,276,31.9456617002629,133
2023,"Texas Southern",19.7762863534676,89,59.4183445190157,11,20.8053691275168,356,21.886636326024,39,50.0620604054613,219,28.0513032685147,274
2023,"Texas St.",19.6069031639501,99,60.4026845637584,8,19.9904122722915,359,22.4041159962582,28,49.9532273152479,223,27.6426566884939,291
2023,"Texas Tech",19.3864507882403,108,51.2143161482744,165,29.3992330634853,226,17.1195652173913,239,47.554347826087,300,35.3260869565217,43
2023,"The Citadel",18.1063933626159,190,50.5612493899463,201,31.3323572474378,167,18.9341421143847,133,48.4402079722704,269,32.6256499133449,109
2023,"Toledo",19.0575190575191,134,50.5890505890506,200,30.3534303534304,198,16.2504802151364,283,51.2485593545909,168,32.5009604302728,115
2023,"Towson",17.1030405405405,247,52.1114864864865,136,30.785472972973,179,18.5740236148955,148,48.047229791099,287,33.3787465940054,86
2023,"Troy",18.9304306672977,145,49.6923805016564,231,31.3771888310459,160,21.1897738446411,51,50.3441494591937,211,28.4660766961652,254
2023,"Tulane",20.7828894269572,52,50.0403551251009,218,29.1767554479419,237,17.0150501672241,246,45.9866220735786,330,36.9983277591973,21
2023,"Tulsa",15.2628892291986,329,49.5150587034201,236,35.2220520673813,59,15.884631941455,303,54.9289711579854,50,29.1863969005596,235
2023,"UAB",20.7963145771635,51,52.6488976637052,113,26.5547877591313,304,18.1243021957574,185,50.6140677335318,199,31.2616300707108,162
2023,"UC Davis",23.371298405467,10,49.5671981776765,235,27.0615034168565,294,17.9368029739777,197,55.0185873605948,48,27.0446096654275,308
2023,"UC Irvine",17.1725571725572,241,53.8877338877339,85,28.9397089397089,241,22.6423487544484,23,48.1316725978648,282,29.2259786476868,233
2023,"UC Riverside",15.2736529486636,328,50.9970301230378,174,33.7293169282987,102,21.0594315245478,56,56.0723514211886,33,22.8682170542636,361
2023,"UC San Diego",16.2864721485411,300,50.9283819628647,180,32.7851458885942,122,16.3751214771623,275,51.7006802721088,146,31.9241982507289,135
2023,"UC Santa Barbara",18.9889549702634,139,58.1988105352591,20,22.8122344944775,346,17.9063360881543,199,55.3719008264463,42,26.7217630853994,316
2023,"UCF",18.1332236842105,187,45.4769736842105,322,36.3898026315789,35,20.1526032315978,79,50.0897666068223,217,29.7576301615799,216
2023,"UCLA",16.405395552315,296,58.7677725118483,15,24.8268319358367,331,16.9710467706013,248,50.9576837416481,183,32.0712694877506,131
2023,"UMBC",16.4041994750656,297,50.9186351706037,182,32.6771653543307,126,14.8475475033142,343,49.7569597878922,228,35.3954927087936,39
2023,"UMKC",21.5230037017451,33,52.1417239555791,133,26.3352723426758,307,22.7708533077661,21,44.8705656759348,340,32.3585810162991,119
2023,"UMass Lowell",18.9344262295082,144,54.5081967213115,69,26.5573770491803,303,20.8197484862599,60,50.9548206800186,184,28.2254308337215,267
2023,"UNC Asheville",20.8961474036851,47,47.319932998325,289,31.78391959799,151,16.637706342311,263,56.6463944396177,23,26.7158992180712,317
2023,"UNC Greensboro",18.6335403726708,161,48.2560917343526,270,33.1103678929766,116,18.200408997955,179,47.1370143149284,307,34.6625766871166,54
2023,"UNC Wilmington",23.1235431235431,11,50.1631701631702,214,26.7132867132867,301,21.1990407673861,50,52.1822541966427,133,26.6187050359712,320
2023,"UNLV",20.8444444444444,49,46.2222222222222,310,32.9333333333333,119,17.8783721993599,202,44.2615454961134,346,37.8600823045267,15
2023,"USC",19.4479297365119,104,53.7013801756587,91,26.8506900878294,296,19.1996402877698,121,47.7517985611511,295,33.0485611510791,99
2023,"USC Upstate",16.8238213399504,273,54.8883374689826,65,28.287841191067,262,23.3521657250471,12,48.3992467043315,271,28.2485875706215,266
2023,"UT Arlington",17.6631925397696,209,52.5507405375754,118,29.786066922655,215,21.3405618531296,49,46.7225234105471,315,31.9369147363233,134
2023,"UT Rio Grande Valley",23.7778832463218,5,50.0237304224015,219,26.1983863312767,310,21.8213814342279,40,50.8578970523537,188,27.3207215134184,302
2023,"UTEP",20.0398803589232,77,58.4247258225324,18,21.5353938185444,350,20.8833413346135,57,50.3120499279885,212,28.804608737398,242
2023,"UTSA",22.5806451612903,15,45.3538757823784,323,32.0654790563312,144,17.4061433447099,229,50.8532423208191,189,31.740614334471,143
2023,"Utah",17.4328629949932,228,50.887573964497,185,31.6795630405098,154,15.2227116984826,332,54.8213411649535,53,29.9559471365639,208
2023,"Utah St.",19.3916349809886,106,45.9315589353612,316,34.6768060836502,71,18.9234650967199,134,51.3036164844407,164,29.7729184188394,215
2023,"Utah Tech",22.8339350180505,14,43.0505415162455,355,34.115523465704,91,19.280319857841,117,50.733007552199,195,29.98667258996,207
2023,"Utah Valley",20.2546296296296,68,54.3981481481481,71,25.3472222222222,321,18.3009298393914,174,53.9306846999155,73,27.7683854606932,284
2023,"VCU",21.7741935483871,26,52.5806451612903,117,25.6451612903226,316,18.9373297002725,132,52.8610354223433,108,28.2016348773842,268
2023,"VMI",14.2707240293809,353,45.1206715634837,326,40.6086044071354,7,14.9516270888303,339,43.0958663148637,352,41.9525065963061,3
2023,"Valparaiso",17.1090047393365,246,56.0189573459716,35,26.8720379146919,295,18.4749455337691,158,50.8061002178649,190,30.718954248366,177
2023,"Vanderbilt",18.4517098835024,168,46.5990229237129,301,34.9492671927847,63,18.4877126654064,157,53.3837429111531,90,28.1285444234405,271
2023,"Vermont",15.2742616033755,327,48.5232067510549,264,36.2025316455696,39,15.9963849977406,298,52.6886579304112,117,31.3149570718482,160
2023,"Villanova",19.27303465765,121,43.1952662721894,354,37.5316990701606,22,17.5141242937853,221,48.0660582355498,285,34.4198174706649,61
2023,"Virginia",19.266875279392,123,51.2293249888243,164,29.5037997317836,224,16.9338677354709,251,47.8957915831663,293,35.1703406813627,44
2023,"Virginia Tech",14.9940499801666,336,51.5668385561285,154,33.4391114637049,110,14.9811162400336,338,54.5530843474612,57,30.4657994125052,190
2023,"Wagner",16.0501567398119,311,54.0438871473354,82,29.9059561128527,209,25.5555555555556,2,48.1481481481481,280,26.2962962962963,329
2023,"Wake Forest",18.0775316455696,194,44.5411392405063,336,37.3813291139241,23,15.6878850102669,314,51.170431211499,173,33.1416837782341,97
2023,"Washington",19.5210122006326,102,52.1464075915047,132,28.3325802078626,261,16,297,54.6666666666667,56,29.3333333333333,229
2023,"Washington St.",16.6953528399312,280,43.2874354561102,352,40.0172117039587,9,16.510067114094,270,57.4496644295302,13,26.0402684563758,332
2023,"Weber St.",20.1557935735151,72,50.9250243427459,181,28.919182083739,244,17.4904942965779,225,47.148288973384,306,35.361216730038,41
2023,"West Virginia",22.1060782036392,20,49.0902051877662,250,28.8037166085947,246,21.6092907507258,43,50.7673164661966,193,27.6233927830776,292
2023,"Western Carolina",19.5881006864989,100,46.7734553775744,294,33.6384439359268,107,19.4235033259423,110,56.4966740576497,25,24.079822616408,354
2023,"Western Illinois",17.9634464751958,197,53.0548302872063,104,28.9817232375979,240,15.5622489959839,320,58.5341365461847,9,25.9036144578313,334
2023,"Western Kentucky",18.7037037037037,159,50.7407407407407,193,30.5555555555556,193,14.9166291122127,340,46.6876971608833,319,38.395673726904,13
2023,"Western Michigan",17.102510460251,248,48.5355648535565,261,34.3619246861925,83,17.8338001867414,208,49.1129785247432,245,33.0532212885154,98
2023,"Wichita St.",17.8697183098592,200,54.137323943662,80,27.9929577464789,276,16.3395709721588,278,47.3756275673209,302,36.2848014605203,29
2023,"William & Mary",16.6915052160954,281,48.5842026825633,257,34.7242921013413,70,15.1528776978417,334,53.9568345323741,70,30.8902877697842,172
2023,"Winthrop",21.9880897847,21,41.8689876316995,359,36.1429225836006,42,15.3474054529464,329,53.1222515391381,100,31.5303430079156,153
2023,"Wisconsin",15.1488616462347,332,48.5989492119089,256,36.2521891418564,37,15.5505617977528,321,55.1910112359551,46,29.2584269662921,232
2023,"Wofford",17.3351775011526,234,52.9276164130936,107,29.7372060857538,217,15.045045045045,335,49.8198198198198,227,35.1351351351351,46
2023,"Wright St.",14.2974866089823,351,61.9695096827359,3,23.7330037082818,339,15.6236512731981,317,53.4311609840311,88,30.9451877427708,171
2023,"Wyoming",18.7071498530852,158,43.9764936336925,348,37.3163565132223,24,17.5981524249423,217,49.1454965357968,244,33.256351039261,93
2023,"Xavier",16.7946577629382,276,55.7595993322204,43,27.4457429048414,290,16.1619846771251,287,53.8489602334914,79,29.9890550893834,206
2023,"Yale",16.8038740920097,275,53.8498789346247,87,29.3462469733656,228,20.2665186007773,74,46.0855080510827,325,33.6479733481399,79
2023,"Youngstown St.",17.3405909797823,233,53.9657853810264,84,28.6936236391913,249,15.3516295025729,328,56.3464837049743,28,28.3018867924528,264
